"id","user_id","property_no","collection_mode","cluster_manager","manager","property_type","gender","near_university","rent","city_id","address","locality","sub_locality","city","state","pincode","country","name","latitute","longitute","slug","meta_title","meta_keywords","meta_description","status","sold_status","order_by","created_at","updated_at"
"1","1","PM007","PLACIO","512","3","revenue-sharing","","6,7,8,9","","5","","Raipur Marg, Raipur Khadar, Noida, Uttar Pradesh, India","Sector 126","Noida","Uttar Pradesh","201303","India","Raipur Marg","28.54237709013337","77.33556279458162","pg-placio-elite-homes-raipur-marg-sector-126-noida","Placio Elite Homes-Pg for boys in Sector 125 Noida, Boys Pg nearby Amity University","PG in Noida, Boys Pg in Noida, PG near Amity University, Boys Pg in Noida, Pg for boys near Amity University, Boys Pg near Amity University, Pg in Raipur Khadar, Pg in Sector 125 Noida, Students Accommodation for Boys, Accommodation for Boys, fully furnished pg in Noida","Book your fully furnished PG for Boys near Amity University sector in 125 Noida with modern amenities Food and Saftey assurance. Pg in Noida, PG for boys in Noida","1","","1","2018-07-20 11:30:29",""
"3","1","PF006","RENTAL","58","0","flagship","","6,7,8,9","","5","","Sector 126, Noida, Uttar Pradesh, India","Sector 126","Noida","Uttar Pradesh","201313","India","Sector 126","28.542241249224613","77.3357279736149","pg-placio-divya-homes-sector-126-sector-126-noida","Placio Divya Homes- Fully Furnished girls Pg in Noida sector 126, girls Hostel near Amit University","Pg in Noida for girls,Pg in Noida, PG near Amity, girls PG Near Amity, Pg near Amity University, girls Hostel near sector 125 Noida, PG for girls near Amity University Noida, Students Accommodation for girls in Noida
","Pg for girls just 5 minutes walking distance from Amity University Noida 
","1","Filling Fast","5","2018-07-16 09:12:13",""
"7","75","PM008","PLACIO","512","75","revenue-sharing","","6,7,8,9","","5","","The Pavilion, KO-09, Near Amity University, Sector 126, Noida-201301","Sector 126","Noida","Uttar Pradesh","201313","India","Raipur Marg","28.542344102993088","77.33567142404672","pg-placio-pavillion-raipur-marg-sector-126-noida","Placio Plavillion- Fully Furnished Boys Pg in Noida sector 125, Boys Hostel near Amit University","Pg in Noida for Boys, PG near Amity, Boys PG Near Amity, Pg near Amity University, boys Hostel in sector 125 Noida, PG for Boys near Amity University Noida, Students Accommodation for Boys in Noida
","Book your fully furnished PG for Boys near Amity University sector in 125 Noida with modern amenities Food and Saftey assurance. Pg in Noida, PG for boys in Noida, Pg near Amity University, boys pg in Raipur","1","","2","2018-07-20 11:33:19",""
"11","1","PM006","PLACIO","512","81","revenue-sharing","","6,7,8,9","","5","","Raipur Marg, Raipur Khadar, Noida, Uttar Pradesh, India","Sector 126","Noida","Uttar Pradesh","201303","India","Raipur Marg","28.541653726899543","77.33597183145639","pg-placio-admire-homes-raipur-marg-sector-126-noida","Placio Admire Homes- Fully Furnished Boys Pg in Noida sector 126, Boys Hostel near Amit University","Pg in Noida for Boys,Pg in Noida, PG near Amity, Boys PG Near Amity, Pg near Amity University, boys Hostel near sector 125 Noida, PG for Boys near Amity University Noida, Students Accommodation for Boys in Noida, single room pg in noida
","Pg nearby Amity University for boys sector 126, fully furnished with Ac and food. Pg in Noida, PG for boys in Noida, Pg near Amity University, boys pg in Raipur","1","","3","2018-07-20 11:36:05",""
"13","1","PM004","PLACIO","512","1781","flagship","","6,7,8,9","","5","","Amy House near ACE Group Building, Raipur Sector 126 Noida","Sector 125","Noida","Uttar Pradesh","201313","India","Amity University","28.5427807893647","77.33889238328936","pg-placio-amy-house-amity-university-sector-125-noida","Placio Amy Homes- Fully Furnished Boys Pg in Noida sector 126, Boys Hostel near Amit University","Pg in Noida for Boys,Pg in Noida, PG near Amity, Boys PG Near Amity, Pg near Amity University, boys Hostel near sector 125 Noida, PG for Boys near Amity University Noida, Students Accommodation for Boys in Noida
","Pg for Boys just 5 minutes walking distance from Amity University Noida 
","1","","4","2018-07-14 14:28:13",""
"14","1","PF007","PLACIO","58","0","flagship","","6,7,8,9","","5","","Raipur Marg, Raipur Khadar, Noida, Uttar Pradesh, India","Sector 126","Noida","Uttar Pradesh","201303","India","Raipur Marg","28.5422286479204","77.33528250373956","pg-placio-atlantis-homes-raipur-marg-sector-126-noida","Placio Atlantis Homes- Fully Furnished girls Pg in Noida sector 126, girls Hostel near Amit University","Pg in Noida, Pg in Noida for girls, Students Accommodation near Amity for girls, girls PG Near Amity, Pg near Amity University, girls Hostel near sector 126 Noida, PG for girls near Amity University Noida, Students Accommodation for girls in Noida, fully furnished pg in noida for girls
","Fully furnished accommodation for girls just 10 minutes walking distance from Amity University sector 126 noida  
","1","","8","2018-07-09 09:29:48",""
"16","1","PF004","PLACIO","512","81","revenue-sharing","","6,7,8,9","","5","","Raipur Marg, Raipur Khadar, Noida, Uttar Pradesh, India","Sector 126","Noida","Uttar Pradesh","201303","India","Raipur Marg","28.541872857002804","77.3357585958397","pg-placio-venus-raipur-marg-sector-126-noida","Placio Home Care KO-11 - PG in Noida, Fully Furnished girls Pg in sector 126 Noida,  girls Hostel nearby Amit University","Hostel in Noida, Pg in Noida for girls, Students Accommodation near Amity for girls, girls PG Near Amity, Pg near Amity University, girls Hostel near sector 126 Noida, PG for girls near Amity University Noida, Students Accommodation for girls in Noida, fully furnished pg in noida for girls
","Furnushed Pg for girls in Noida with AC and Food just few minutes walking distance from Amity University sector 126 noida  with safety and security.
","1","","16","2018-07-16 09:18:02",""
"18","1","PM011","RENTAL","58","1782","flagship","","6,7,8,9","","5","","The Grand Castle, RA-19, Raipur Village Sector 126, Noida-201301","Sector 125","Noida","Uttar Pradesh","201313","India","Amity University","28.54218937776138","77.33508632869723","pg-placio-the-grand-castle-amity-university-sector-125-noida","Placio The Grand Castle - PG in Noida, Fully Furnished boys Pg in sector 126 Noida,  Boys Hostel nearby Amit University","Pg in Noida, Pg in Noida for boys, Students Accommodation near Amity for boys, boys PG Near Amity, Pg near Amity University, boys Hostel near sector 126 Noida, PG for boys near Amity University Noida, Students Accommodation for boys in Noida, fully furnished pg in noida for boys
","Pg for boys in Noida with AC and Food just few minutes walking distance from Amity University sector 126 noida  with safety and security.
","1","Almost Sold","15","2018-07-16 09:13:58",""
"22","651","PF012","PLACIO","651","0","flagship","","46,47,48,49,50,51,52,53,65,66,67,68,69","","11","","JC-42, Khirki Main Road, Sarai Shahji, Panchsheel Extension, Malviya Nagar, New Delhi, Delhi, India","Malviya Nagar","New Delhi","Delhi","110017","India","JC-42, Khirki Main Rd","28.534298","77.21841489999997","pg-placio-imperial-homez-jc-42--khirki-main-rd-malviya-nagar-new-delhi","Placio Imperial Homez-Pg for girls in Malviya Nagar, girls Pg Malviya Nagar","PG in Malviya Nagar, Girls PG in Malviya Nagar,  Students Accommodation for girls in Malviya Nagar ,  Accommodation for girls, fully furnished pg in Malviya Nagar new Delhi","Book you fully furnisehd PG for girls in Malviya Nagar, New Delhi with Food and Saftey assurance.
","1","","1","2018-07-09 12:32:19",""
"26","649","PFI02","","1650","896","flagship","","25,26,27,28,29,30,31,32,33,34,35,36","","7","","SHM NO 54,Vijay Nagar, Indore, Madhya Pradesh, India","Vijay Nagar","Indore","Madhya Pradesh","452010","India","Vijay Nagar","22.7532848","75.89369620000002","pg-placio-gr-homes-vijay-nagar-vijay-nagar-indore","Placio GR Homes-Pg for girls in Indore, girls Pg nearby Vijay Nagar","PG in Vijay Nagar, Girls PG in Indore, Students Accommodation for girls in Indore, Accommodation for girls, fully furnished pg in Vijay Nagar indore
","Book you fully furnisehd PG for girls in Vijay Nagar, Indore with Food and Saftey assurance.
","1","","0","2018-07-11 08:58:41",""
"28","647","PMI02","PLACIO","1650","0","revenue-sharing","","25,26,27,28,29,30,31,32,33,34,35,36","","7","","55, New Sant Nagar, Rani Bagh Main, Indore, Madhya Pradesh, India","Rani Bagh Main","Indore","Madhya Pradesh","452020","India","New Sant Nagar","22.6721943","75.87704239999994","pg-placio-vinayaka-2-new-sant-nagar-rani-bagh-main-indore","Placio Vinayaka 2-Pg for boys in  Indore, Boys Pg nearby sant nagar indore","Pg for boys in  Indore, Boys pg nearby sant nagar indore, PG in sant Nagar, boys PG in Indore, Students Accommodation for Boys in Indore, Accommodation for Boys fully furnished pg in Sant Nagar indore","Book you fully furnisehd PG for girls in sant Nagar, Indore with Food and Saftey assurance.","1","","0","2018-07-11 09:16:58",""
"29","647","PMI01","PLACIO","1650","648","revenue-sharing","","25,26,27,28,29,30,31,32,33,34,35,36","","7","","New Sant Nagar, Rani Bagh Main, Indore, Madhya Pradesh, India","Rani Bagh Main","Indore","Madhya Pradesh","452010","India","New Sant Nagar","22.6721943","75.87704239999994","pg-placio-vinayaka-new-sant-nagar-rani-bagh-main-indore","Placio Vinayaka -Pg for boys in  Indore, Boys Pg nearby sant nagar indore","Pg for boys in  Indore, Boys pg nearby sant nagar indore, PG in sant Nagar, boys PG in Indore, Students Accommodation for Boys in Indore, Accommodation for Boys fully furnished pg in Sant Nagar indore","Book you fully furnisehd PG for girls in sant Nagar, Indore with Food and Saftey assurance.","1","","0","2018-07-11 09:02:48",""
"31","649","PMI04","RENTAL","1650","896","flagship","","25,26,27,28,29,30,31,32,33,34,35,36","","7","","Vijay Nagar Square, Near HP Petrol Pump, Vijay Nagar, Indore, Madhya Pradesh, India","Vijay Nagar","Indore","Madhya Pradesh","452010","India","Vijay Nagar Square","22.750712090924704","75.89834476430974","pg-placio-nightingale-vijay-nagar-square-vijay-nagar-indore","Placio Nightingale -Pg for boys in  Indore, Boys Pg nearby ganga devi Nagar indore","Pg for boys in  Indore, Boys pg nearby ganga devi Nagar indore, PG in ganga devi Nagar, boys PG in Indore, Students Accommodation for Boys in Indore, Accommodation for Boys fully furnished pg in ganga devi Nagar indore","Book you fully furnisehd PG for girls in ganga devi Nagar, Indore with Food and Saftey assurance.","1","","0","2018-07-11 09:01:28",""
"32","604","PFL03","RENTAL","1555","1557","flagship","","37,38,39,54","","6","","8/319-B indira Nagar, Near Polytechnic Crossing, Lucknow","Indira Nagar","Lucknow","Uttar Pradesh","226016","India","BSN Street","26.874281","80.9996483","pg-placio-precious-bsn-street-indira-nagar-lucknow","Placio Precious -Pg for girls inindira Nagar , Girls Pg nearby Polytechnic Crossing  Lucknow","Pg for girls in Indira Nagar, Girls Pg nearby Polytechnic Crossing in Indira Nagar Lucknow, PG Indira Nagar, Girls Pg in Indira Nagar, Students Accommodation for girls in Indira Nagar, Accommodation for Girls fully furnished pg in Indira Nagar","Book you fully furnished PG for girls Indira Nagar near Polytechnic Crossing, Lucknow with Food and Saftey assurance.","1","","2","2018-07-09 15:12:40",""
"33","584","PF002","PLACIO","58","0","flagship","","6,7,8,9","","5","","Sector 126, Noida, Uttar Pradesh, India","Sector 126","Noida","Uttar Pradesh","201313","India","Sector 126","28.541735837324605","77.33456657711145","pg-placio-shresth-homes-sector-126-sector-126-noida","Placio Shresth Homes- Fully Furnished girls Pg in Noida sector 126, girls Hostel near Amit University","Pg in Noida, Pg in Noida for girls, PG near Amity, girls PG Near Amity, Pg near Amity University, girls Hostel near sector 125 Noida, PG for girls near Amity University Noida, Students Accommodation for girls in Noida, fully furnished pg in noida for girls
","Fully furnished Pg for girls just 10 minutes walking distance from Amity University sector 126 noida  
","1","Filling Fast","7","2018-07-16 08:52:39",""
"34","584","PF003","PLACIO","512","3","flagship","","6,7,8,9","","5","","Amity University, Sector 125, Noida, Uttar Pradesh","Sector 125","Noida","Uttar Pradesh","201313","India","Amity University","28.541543769272288","77.334863705349","pg-placio-elite-homes-2-amity-university-sector-125-noida","Placio Elite Homes 2- Fully Furnished girls Pg in Noida sector 125, girls Hostel near Amit University","Pg in Noida for girls,Pg in Noida, PG near Amity, girls PG Near Amity, Pg near Amity University, girls Hostel near sector 125 Noida, PG for girls near Amity University Noida, Students Accommodation for girls in Noida
","Fully furnished Pg for girls just 5-6 minutes walking distance from Amity University sector 125 noida  
","1","","6","2018-07-09 09:27:52",""
"35","604","PMI03","RENTAL","1650","648","flagship","","25,26,27,28,29,30,31,32,33,34,35,36","","7","","21 Sant Nagar, Near Sant Nagar Gurudwara, Khandwa Road - Indore, Madhya Pradesh 452001, India","Rani Bagh Main","Indore","Madhya Pradesh","452001","India","New Sant Nagar","22.6733611","75.8733033","pg-placio-ak-mansion-new-sant-nagar-rani-bagh-main-indore","Placio AK Mansion-Pg for boys in  Indore, Boys Pg nearby Sant nagar indore","Pg for boys in  Indore, Boys pg nearby Sant Nagar Indore, PG in Sant Nagar, boys PG in Indore, Students Accommodation for Boys in Indore, Accommodation for Boys fully furnished pg in Sant Nagar Indore","Book you fully furnished PG for girls in Sant Nagar, Indore with Food and Saftey assurance.","1","","0","2018-07-11 09:02:04",""
"36","604","PFL01","RENTAL","1555","871","flagship","","37,38,39,54","","6","","Beside Amity university, Malhaur, Gomti Nagar Extension","Chinhat","Lucknow","Uttar Pradesh","226028","India","Malhour","26.852905","81.0468213","pg-placio-princess-malhour-chinhat-lucknow","Placio Princess -Pg for girls Gomti Nagar Extension Lucknow , Girls Pg nearby Amity university  Lucknow","Pg for girls Gomti Nagar Extension, Girls Pg nearby Amity university in Gomti Nagar Extension Lucknow, PG Gomti Nagar Extension, Girls Pg in  Gomti Nagar Extension, Students Accommodation for girls in Gomti Nagar Extension, Accommodation for Girls fully furnished pg in Gomti Nagar Extension","Book you fully furnished PG for girls Gomti Nagar Extension Malhaur near Amity University, Lucknow with AC, Food and Saftey assurance.","1","","3","2018-07-09 15:23:15",""
"37","604","PFL02","PLACIO","1555","1556","flagship","","37,38,39,54","","6","","6th floor, Goel enclave , phase-2, opposite BBD University, faizabad road, Chinhat","Chinhat","Lucknow","Uttar Pradesh","226028","India","Chinhat","26.8893259","81.0536185","pg-placio-pinnacle--chinhat-chinhat-lucknow","Placio Pinnacle -Pg for girls in Goel enclave , Girls Pg nearby BBD University  Lucknow","Pg for girls Goel enclave Lucknow, Girls Pg nearby BBD University in Lucknow, PG Goel enclave Lucknow, Girls Pg in  Goel enclave Lucknow, Students Accommodation for girls Goel enclave Lucknow, Accommodation for Girls fully furnished pg in Faizabad Road, Chinhat","Book you fully furnished PG for girls Goel enclave near BBD University, Lucknow with AC, Food and Saftey assurance.","1","","1","2018-07-09 15:18:50",""
"38","584","PM018","PLACIO","58","1780","flagship","","6,7,8,9","","5","","Sector 126, Noida, Uttar Pradesh, India","Sector 126","Noida","Uttar Pradesh","201313","India","Sector 126","28.541299932339914","77.33458937588807","pg--placio-home-care-sl02-sector-126-sector-126-noida","Placio Home Care SL02- Fully Furnished boys Pg in Noida sector 126, PG in Noida, boys Hostel near Amit University","Pg in Noida, Pg in Noida for boys, Students Accommodation near Amity for boys, boys PG Near Amity, Pg near Amity University, boys Hostel near sector 126 Noida, PG for boys near Amity University Noida, Students Accommodation for boys in Noida, fully furnished pg in noida for boys
","Fully furnished Pg for boys just 10 minutes walking distance from Amity University sector 126 noida  
","1","Filling Fast","11","2018-07-19 08:15:24",""
"40","584","PM017","PLACIO","58","1780","flagship","","6,7,8,9","","5","","Sector 126, Noida, Uttar Pradesh, India","Sector 126","Noida","Uttar Pradesh","201313","India","Sector 126","28.541501391354316","77.33445928875085","pg-placio-home-care-ko-17--sector-126-sector-126-noida","Placio Home Care KO-17- Fully Furnished boys Pg in Noida sector 126, boys Hostel near Amit University","Pg in Noida, Pg in Noida for boys, Students Accommodation near Amity for boys, boys PG Near Amity, Pg near Amity University, boys Hostel near sector 126 Noida, PG for boys near Amity University Noida, Students Accommodation for boys in Noida, fully furnished pg in noida for boys
","Fully furnished accommodation for boys just 10 minutes walking distance from Amity University sector 126 noida  
","1","Filling Fast","10","2018-07-19 08:15:01",""
"41","584","PM015","PLACIO","58","1780","flagship","","6,7,8,9","","5","","Sector 126, Noida, Uttar Pradesh, India","Sector 126","Noida","Uttar Pradesh","201313","India","Sector 126","28.541929048686963","77.33479456487771","pg-placio-home-care-ko-11-sector-126-sector-126-noida","Placio Home Care KO-11 - PG in Noida, Fully Furnished boys Pg in sector 126 Noida,  Boys Hostel nearby Amit University","Hostel in Noida, Pg in Noida for boys, Students Accommodation near Amity for boys, boys PG Near Amity, Pg near Amity University, boys Hostel near sector 126 Noida, PG for boys near Amity University Noida, Students Accommodation for boys in Noida, fully furnished pg in noida for boys
","Furnushed Pg for boys in Noida with AC and Food just few minutes walking distance from Amity University sector 126 noida  with safety and security.
","1","Filling Fast","12","2018-07-16 09:18:03",""
"42","584","PF031","PLACIO","58","0","flagship","","6,7,8,9","","5","","Sector 44, Noida, Uttar Pradesh, India","Sector 44","Noida","Uttar Pradesh","201301","India","Sector 44","28.5529427","77.3367498","pg-placio-happy-homes-sector-44-sector-44-noida","","","","0","","18","2018-07-16 09:18:03",""
"43","604","PF032","RENTAL","953","0","flagship","","46,47,48,49,50,51,52,53,65,66,67,68,69","","11","","186-B Hari Nagar Ashram, Near Lajpat Nagar Metro Station","Hari Nagar Ashram","New Delhi","Delhi","110014","India","Hari Nagar Ashram","28.5736253","77.2559612","pg-placio-exotic-living-hari-nagar-ashram-hari-nagar-ashram-new-delhi","Placio Exotic Living-Pg for girls in Hari Nagar Ashram, girls Pg Lajpat Nagar Metro Station","Pg for girls in Hari Nagar Ashram, girls Pg Lajpat Nagar Metro Station, Students Accommodation for girls in Hari Nagar Ashram ,  Accommodation for girls, fully furnished pg in Hari Nagar Ashram new Delhi","Book you fully furnisehd PG for girls in Malviya Nagar, New Delhi with Food and Saftey assurance.","1","","2","2018-07-09 12:33:29",""
"44","584","PF014","RENTAL","645","765","flagship","","40,41,42,43,44,45,55,56,57,58,59,60,61,62","","10","","E 132 Kamla Nagar, Near sparks mall Delhi -110007","University Enclave","North Delhi","Delhi","110007","India","University Enclave","28.6821098","77.2023401","pg-placio-marigold-university-enclave-university-enclave-north-delhi","Placio Marigold -Pg for girls in Kamla Nagar, Girls Pg nearby sparks mall Kamla Nagar New Delhi","Pg for girls in  Kamla Nagar, Girls Pg nearby Outram Lane in Kamla Nagar New Delhi, PG in Kamla Nagar, Girls Pg in Kamla Nagar, Students Accommodation for girls in Kamla Nagar, Accommodation for Grils fully furnished pg in Kamla Nagar","Book you fully furnished PG for girls in Kamla Nagar near sparks mall, New Delhi with Food and Saftey assurance.","1","Filling Fast","3","2018-07-17 09:36:26",""
"45","584","PF020","PLACIO","645","656","revenue-sharing","","40,41,42,43,44,45,55,56,57,58,59,60,61,62","","10","","2641, Hudson Lane, GTB Nagar, Delhi, 110009, India","GTB Nagar","North Delhi","Delhi","110009","India","2641, Hudson Ln","28.6951691","77.207222","pg-placio-salvina-2-2641--hudson-ln-gtb-nagar-north-delhi","","","","0","","9","2018-07-03 13:59:55",""
"47","604","PFI01","RENTAL","1650","1788","flagship","","25,26,27,28,29,30,31,32,33,34,35,36","","7","","Bhavarkuan, Indore, Madhya Pradesh, India","Bhanwar Kuwa","Indore","Madhya Pradesh","452001","India","Bhanwar Kuwa","22.6878208","75.86646719999999","pg-placio-angel-paradise-bhanwar-kuwa-bhanwar-kuwa-indore","Placio Nightingale -Pg for girls in  Indore, girls Pg nearby Bhavarkuan indore","Pg for girls in Indore, girls pg nearby Bhavarkuan Indore, PG in Bhavarkuan, girls PG in Indore, Students Accommodation for girls in Indore, Accommodation for girls fully furnished pg in Bhavarkuan Indore","Book you fully furnished PG for girls in Bhavarkuan, Indore with Food and Saftey assurance.","1","Sold Out","0","2018-07-14 15:23:31",""
"48","584","PF019","PLACIO","645","656","revenue-sharing","","40,41,42,43,44,45,55,56,57,58,59,60,61,62","","10","","E 20 b single story near Shani mandir, North Campus, New Delhi, Delhi, India","University Enclave","North Delhi","Delhi","110007","India","University Enclave","28.692997","77.1999216","pg-placio-salvina-1-university-enclave-university-enclave-north-delhi","Placio Salvina 1- Pg for Girls in North campus, Girls Pg nearby Shani mandir new Delhi","Pg for Girls in  north campus, GirlsPg nearby Shani mandir in north campus New Delhi, PG in north campus, Girls Pg in north campus, Students Accommodation for Girls in north campus, Accommodation for Girls fully furnished pg in north campus","Book you fully furnished PG for Girls near Shani Mandir north campus, New Delhi with Food and Saftey assurance.","1","","8","2018-07-09 14:28:22",""
"49","604","PF033","PLACIO","651","0","flagship","","46,47,48,49,50,51,52,53,65,66,67,68,69","","11","","Gali no. 36, tugalkabad extension, front of hamdard university","Tughlakabad","New Delhi","Delhi","110019","India","Tughlakabad Extension","28.5205239","77.25705349999998","pg-placio-inaya-tughlakabad-extension-tughlakabad-new-delhi","Placio Inaya-Pg for girls in tugalkabad extension, girls Pg Lajpat Nagar Metro Station","Pg for girls in tugalkabad extension, girls Pg in tugalkabad near hamdard university , Students Accommodation for girls in tugalkabad extension ,  Accommodation for girls, fully furnished pg in tugalkabad extension new Delhi","Book you fully furnisehd PG for girls in tugalkabad extension, south Campus, New Delhi with Food and Saftey assurance.","1","","3","2018-07-09 12:34:26",""
"50","604","PM026","PLACIO","651","0","flagship","","46,47,48,49,50,51,52,53,65,66,67,68,69","","11","","Malviya Nagar, New Delhi, Delhi, India","Malviya Nagar","New Delhi","Delhi","110017","India","Malviya Nagar","28.5335197","77.21088570000006","pg-placio-royal-living-malviya-nagar-malviya-nagar-new-delhi","Placio Royal Living -Pg for boys in  Malviya Nagar, Boys Pg nearby Malviya Nagar  new Delhi","Pg for boys in  Indore, Boys pg nearby Malviya Nagar New Delhi, PG in Malviya Nagar, boys PG in Malviya Nagar, Students Accommodation for Boys in Malviya Nagar, Accommodation for Boys fully furnished pg in Malviya Nagar","Book you fully furnished PG for boys in Malviya Nagar, New Delhi with Food and Saftey assurance.","1","Sold Out","6","2018-07-17 09:22:35",""
"51","604","PF011","PLACIO","644","654","flagship","","17,18,19,20,21,22,23,24","","9","","U-174C, Street No. 4 Shakarpur, Delhi-110092","Laxmi Nagar","Laxmi Nagar","Delhi","110092","India","Laxmi Nagar Metro Station","28.630665","77.27741700000001","pg-placio-angel-town-laxmi-nagar-metro-station-laxmi-nagar-laxmi-nagar","Placio Angel Town-Pg for girls in Shakarpur, girls Pg nearby Shakarpur laxmi Nagar","PG in Shakarpur, Girls PG in Laxmi Nagar, Students Accommodation for girls in Shakarpur, Accommodation for girls, fully furnished pg in Shakarpur Laxmi Nagar","Book you fully furnished PG for girls in Shakarpur, Laxmi Nagar with Food and Saftey assurance.","1","","0","2018-07-09 10:51:43",""
"52","604","PF009","RENTAL","644","816","flagship","","17,18,19,20,21,22,23,24","","9","","U-134B, Shakarpur, Delhi-110092","Laxmi Nagar","Laxmi Nagar","Delhi","110092","India","Laxmi Nagar Metro Station","28.630665","77.27741700000001","pg-placio-rg-niwas-laxmi-nagar-metro-station-laxmi-nagar-laxmi-nagar","Placio RG Niwas-Pg for girls in Shakarpur, girls Pg nearby Shakarpur laxmi Nagar","PG in Shakarpur, Girls PG in Laxmi Nagar, sharing Pg in Laxmi Nagar, Students Accommodation for girls in Shakarpur, Accommodation for girls, fully furnished pg in Shakarpur Laxmi Nagar","Book you fully furnished PG for girls in Shakarpur, Laxmi Nagar with Food and Saftey assurance.","1","","0","2018-07-09 10:52:46",""
"53","584","PM020","PLACIO","645","656","flagship","","40,41,42,43,44,45,55,56,57,58,59,60,61,62","","10","","1984, Outram Lines Road, Outram Lines, GTB Nagar, Delhi, India","Mukherjee Nagar","North Delhi","Delhi","110009","India","1984, Outram Lines Rd","28.7018003","77.20618030000003","pg-placio-paradise-1984--outram-lines-rd-mukherjee-nagar-north-delhi","Placio Paradise -Pg for boys in Outram Lane  GTB Nagar, boys Pg nearby GTB Nagar  new Delhi","Pg for boys in  GTB Nagar, boys Pg nearby Outram Lane in GTB Nagar New Delhi, PG in GTB Nagar, boys Pg in GTB Nagar, Students Accommodation for boys in GTB Nagar, Accommodation for boys fully furnished pg in GTB Nagar","Book you fully furnished PG for boys in GTB Nagar, New Delhi with Food and Saftey assurance.","1","Almost Sold","6","2018-07-17 09:23:26",""
"54","604","PM024","PLACIO","953","1080","flagship","","46,47,48,49,50,51,52,53,65,66,67,68,69","","11","","jc-40, Ignu Road ,Freedom Fighter Colony ,oppsite Junior Sent Marry School,Saket New Delhi 110017","Kamla Nagar","South Delhi","Delhi","110017","India","Jawahar Nagar","28.509781232669386","77.1986037613159","pg-placio-ashoka-inn-jawahar-nagar-kamla-nagar-south-delhi","Placio Ashoka Inn -Pg for boys in  saket, Boys Pg nearby Ignu road saket  new Delhi","Pg for boys in  Indore, Boys pg nearby Saket New Delhi, PG in Saket, boys PG in Saket, Students Accommodation for Boys in Saket, Accommodation for Boys fully furnished pg in Saket New Delhi","Book you fully furnished PG for girls in Saket, New Delhi with Food and Saftey assurance.","1","","4","2018-07-11 08:28:22",""
"55","584","PF017","","645","656","revenue-sharing","","40,41,42,43,44,45,55,56,57,58,59,60,61,62","","10","","North Campus, New Delhi, Delhi, India","University Enclave","North Delhi","Delhi","110007","India","University Enclave","28.6809423249429","77.19719673837585","pg-placio-pearl-university-enclave-university-enclave-north-delhi","","","","0","","7","2018-06-29 07:46:39",""
"56","584","PF028","PLACIO","645","656","revenue-sharing","","40,41,42,43,44,45,55,56,57,58,59,60,61,62","","10","","10 A Part C Under Hill Lane Civil Lines Delhi","University Enclave","North Delhi","Delhi","110007","India","University Enclave","28.687193","77.21033599999998","pg-placio-sangam-residency-university-enclave-university-enclave-north-delhi","","","","0","","15","2018-07-03 14:04:40",""
"57","584","PF010","RENTAL","950","1033","flagship","","40,41,42,43,44,45,55,56,57,58,59,60,61,62","","10","","2216,J D House Outram Lane GTB Nagar Delhi","University Enclave","North Delhi","Delhi","110007","India","University Enclave","28.687193","77.21033599999998","pg-placio-lily-university-enclave-university-enclave-north-delhi","Placio Lily -Pg for girls in Outram Lane  GTB Nagar, Girls Pg nearby GTB Nagar  new Delhi","Pg for girls in  GTB Nagar, Girls Pg nearby Outram Lane in GTB Nagar New Delhi, PG in GTB Nagar, Girls Pg in GTB Nagar, Students Accommodation for girls in GTB Nagar, Accommodation for Grils fully furnished pg in GTB Nagar","Book you fully furnished PG for girls in GTB Nagar, New Delhi with Food and Saftey assurance.","1","Filling Fast","2","2018-07-17 09:35:57",""
"58","584","PF022","PLACIO","645","656","revenue-sharing","","40,41,42,43,44,45,55,56,57,58,59,60,61,62","","10","","D 19 Single Story vijay nagar Delhi 110009","Kamla Nagar","North Delhi","Delhi","110007","India","Bungalow Road","28.6818359","77.20711919999997","pg-placio-oasis-3-bungalow-road-kamla-nagar-north-delhi","Placio Oasis 3 -Pg for girls in vijay nagar, Girls Pg nearby vijay nagar  new Delhi","Pg for girls in  vijay nagar, Girls Pg in Vijay Nagar New Delhi, PG in Vijay Nagar, Girls Pg in vijay nagar, Students Accommodation for girls in vijay nagar, Accommodation for Girls fully furnished pg in vijay nagar","Book you fully furnished PG for girls in Vijay Nagar, New Delhi with Food and Saftey assurance.","1","","12","2018-07-09 14:36:38",""
"59","604","PM025","PLACIO","953","0","flagship","",",46,47,48,49,50,51,52,53,65,66,67,68,69","","11","","South Delhi, New Delhi, Delhi, India","","South Delhi","Delhi","110025","India","","28.4816551","77.18728569999996","pg-placio-pride-stay---south-delhi","Placio Pride Stay -Pg for boys in  south Delhi, Boys Pg nearby south Campus new Delhi","Pg for boys in  south Delhi, Boys pg nearby South campus, PG in Delhi, Students Accommodation for Boys in South Delhi, Accommodation for Boys fully furnished pg in South Delhi","Book you fully furnished PG for boys in south Delhi, New Delhi with Food and Saftey assurance.","1","","5","2018-07-09 12:36:20",""
"60","604","PM013","RENTAL","644","720","flagship","","17,18,19,20,21,22,23,24","","9","","R-3 House, Rita Block, Near Metro Pillar No 43, Shakarpur, Delhi-110092","Laxmi Nagar","Laxmi Nagar","Delhi","110092","India","Laxmi Nagar Metro Station","28.630665","77.27741700000001","pg-placio-jp-house-laxmi-nagar-metro-station-laxmi-nagar-laxmi-nagar","Placio JP House-Pg for girls in Shakarpur, girls Pg nearby Shakarpur laxmi Nagar","PG in Shakarpur, Girls PG in Laxmi Nagar, sharing Pg in Laxmi Nagar, Students Accommodation for girls in Shakarpur, Accommodation for girls, fully furnished pg in Shakarpur Laxmi Nagar","Book you fully furnished PG for girls in Shakarpur, Laxmi Nagar with Food and Saftey assurance.","1","Sold Out","0","2018-07-09 10:53:32",""
"61","604","PF034","RENTAL","651","0","flagship","","46,47,48,49,50,51,52,53,65,66,67,68,69","","11","","Masjid Moth, Greater Kailash, New Delhi, Delhi, India","Greater Kailash","South Delhi","Delhi","110048","India","Masjid Moth","28.5436935","77.23907839999993","pg-placio-crystal-homez-masjid-moth-greater-kailash-south-delhi","Placio Crystal Homez -Pg for Girls in  Greater Kailash, Girls Pg nearby Greater Kailash  new Delhi","Pg for Girls in  Greater Kailash, Girls pg nearby Greater Kailash New Delhi, PG in Greater Kailash, Girls PG in Greater Kailash, Students Accommodation for Girls in Greater Kailash, Accommodation for Girls fully furnished pg in Greater Kailash","Book you fully furnished PG for girls in Greater Kailash, New Delhi with Food and Saftey assurance.","1","","7","2018-07-09 12:40:54",""
"62","584","PF021","PLACIO","645","656","revenue-sharing","","40,41,42,43,44,45,55,56,57,58,59,60,61,62","","10","","Jawahar Nagar, Kamla Nagar, Delhi, India","Kamla Nagar","North Delhi","Delhi","110007","India","Jawahar Nagar","28.6808888","77.20654309999998","pg-placio-oasis-2-jawahar-nagar-kamla-nagar-north-delhi","Placio Oasis 2 -Pg for girls in Kamla Nagar, Girls Pg nearby Jawahar Nagar Kamla Nagar  new Delhi","Pg for girls in  Jawahar Nagar, Girls Pg nearby Outram Lane in Kamla Nagar New Delhi, PG in Kamla Nagar, Girls Pg in Kamla Nagar, Students Accommodation for girls in Kamla Nagar, Accommodation for Girls fully furnished pg in Jawahar Nagar New Delhi","Book you fully furnished PG for girls in Kamla Nagar near Jawahar Nagar, New Delhi with Food and Saftey assurance.","1","","11","2018-07-09 14:33:05",""
"63","584","PF018","","645","656","revenue-sharing","","40,41,42,43,44,45,55,56,57,58,59,60,61,62","","10","","Flat no. 14 . Lehnga Singh Market, Near Malka Ganj Chowk, Delhi-110007","University Enclave","North Delhi","Delhi","110007","India","University Enclave","28.687193","77.21033599999998","pg-placio-vidhya-niwas-1-university-enclave-university-enclave-north-delhi","Placio Vidhya Niwas 1 -Pg for girls in Lehnga Singh Market, Girls Pg nearby Malkaganj Chowk Lehnga Singh Market  new Delhi","Pg for girls in Lehnga Singh Market, Girls Pg nearby Malkaganj Chowk in Lehnga Singh Market New Delhi, PG in Lehnga Singh Market, Girls Pg in Lehnga Singh Market, Students Accommodation for girls in Lehnga Singh Market, Accommodation for Girls fully furnished pg in Lehnga Singh Market","Book you fully furnished PG for girls in Lehnga Singh Market near Malkaganj Chowk, New Delhi with Food and Saftey assurance.","1","","16","2018-07-09 14:59:57",""
"64","584","PF013","PLACIO","645","1036","flagship","","40,41,42,43,44,45,55,56,57,58,59,60,61,62","","10","","150 Kalyan Vihar opposite Laxmi Narayan Mandir, North Campus, New Delhi, Delhi, India","University Enclave","North Delhi","Delhi","110007","India","University Enclave","28.6919861","77.1956491","pg-placio-orchid-university-enclave-university-enclave-north-delhi","Placio Orchid -Pg for girls in Kalyan Vihar, Girls Pg in Kalyan Vihar North Campus new Delhi","Pg for girls in North Campus, Girls Pg in Kalyan Vihar New Delhi, PG in Kalyan Vihar, Girls Pg in Kalyan Vihar, Students Accommodation for girls in Kalyan Vihar, Accommodation for Grils fully furnished pg in kalyan Vihar North Campus","Book you fully furnished PG for girls in Kalyan Vihar, New Delhi with Food and Saftey assurance.","1","Filling Fast","5","2018-07-17 09:36:13",""
"65","584","PF023","PLACIO","645","1036","revenue-sharing","","40,41,42,43,44,45,55,56,57,58,59,60,61,62","","10","","A 2668 Hudson Lane near DDA Market Delhi 110009","Vijay Nagar","North Delhi","Delhi","110009","India","Vijay Nagar","28.6914526","77.20243060000007","pg-placio-oasis-4-vijay-nagar-vijay-nagar-north-delhi","Placio Oasis 4 -Pg for girls in Hudson Lane, Girls Pg nearby Hudson Lane near DDA Market new Delhi","Pg for girls in  Hudson Lane, Girls Pg in Hudson Lane New Delhi, PG in Hudson Lane near DDA Market, Girls Pg in Hudson Lane, Students Accommodation for girls in Hudson Lane, Accommodation for Girls fully furnished pg in Hudson Lane near DDA Market","Book you fully furnished PG for girls in Hudson Lane, New Delhi with AC, Food and Saftey assurance.","1","","13","2018-07-09 14:40:53",""
"66","604","PF030","PLACIO","872","0","flagship","","10,12,13,14,15,16","","8","","Internal Road, Knowledge Park III, Greater Noida, Uttar Pradesh, India","Knowledge Park III","Greater Noida","Uttar Pradesh","201310","India","Internal Road","28.480162782620887","77.4935626264587","pg-placio-half-penny-residency-internal-road-knowledge-park-iii-greater-noida","Placio Half Penny Residency- Pg for Boys in Greater Noida, Boys PG nearby Knowledge Park Greater Noida ","Boys Pg in Greater Noida, Pg for Boys Greater Noida, Pg in greater Noida for Boys, Boys PG near Knowledge Park Greater noida, Boys Hoste near Knowledge Park greater Noida, Students Accommodation for Boys in Greater Noida","Book you fully furnished PG for Boys in Greater Noida near knowledge park. Placio brings boys pg in greater Noida near knowledge park. Placio Half Penny Residency Boys Pg with modern amenities like Ac, Table tennis, CCTV, Laundry, Fire Saftey, Biometris, Inhouse meals and many more ","1","","0","2018-07-21 14:15:58",""
"67","584","","","645","656","revenue-sharing","","40,41,42,43,44,45,55,56,57,58,59,60,61,62","","10","","Vijay Nagar, Delhi, India","Vijay Nagar","North Delhi","Delhi","110009","India","Vijay Nagar","28.6914526","77.20243060000007","pg-placio-rose-vijay-nagar-vijay-nagar-north-delhi","","","","0","","0","2018-06-30 08:24:49",""
"68","584","PF025","RENTAL","645","656","flagship","","40,41,42,43,44,45,55,56,57,58,59,60,61,62","","10","","H.No.44 B D Estate Timarpur Civil lines Delhi","University Enclave","North Delhi","Delhi","110007","India","University Enclave","28.6984367","77.2159433","pg-placio-jasmine-university-enclave-university-enclave-north-delhi","Placio Jasmine -Pg for girls in Timarpur  Civil lines, Girls Pg nearby Civil lines  new Delhi","Pg for girls in  Civil Lines, Girls Pg nearby Timarpur in Civil lines New Delhi, PG in Civil lines, Girls Pg in Civil lines, Students Accommodation for girls in Civil lines, Accommodation for Grils fully furnished pg in Civil Lines","Book your fully furnished PG for girls in Civil Lines, New Delhi with Food and Saftey assurance.","1","Filling Fast","1","2018-07-17 09:38:53",""
"69","584","PF024","PLACIO","645","656","revenue-sharing","","40,41,42,43,44,45,55,56,57,58,59,60,61,62","","10","","5400/7, New Chandrawal Road, Jawahar Nagar, Kamla Nagar, Delhi, 110007, India","Kamla Nagar","North Delhi","Delhi","110007","India","5786/7, New Chandrawal Rd","28.678621","77.20624399999997","pg-placio-garima-pg-5786-7--new-chandrawal-rd-kamla-nagar-north-delhi","Garima PG -Pg for girls in Kamla Nagar, Girls Pg nearby New Chandrawal Road Kamla Nagar  new Delhi","Pg for girls in  Jawahar Nagar, Girls Pg nearby New Chandrawal Road in Kamla Nagar New Delhi, PG in Kamla Nagar, Girls Pg in Kamla Nagar, Students Accommodation for girls in Kamla Nagar, Accommodation for Girls fully furnished pg in Jawahar Nagar New Delhi","Book you fully furnished PG for girls in Kamla Nagar near New Chandrawal Road, New Delhi with Food and Saftey assurance.","1","Sold Out","20","2018-07-18 07:53:09",""
"70","604","PM012","RENTAL","58","1782","flagship","","6,7,8,9","","5","","Raipur Khadar, Sector 126, Noida, Uttar Pradesh, India","Sector 126","Noida","Uttar Pradesh","201313","India","Raipur Khadar","28.54208342777244","77.33497853715664","pg-placio-castle-raipur-khadar-sector-126-noida","Placio Castle- PG in Noida, Fully Furnished boys Pg in sector 126 Noida,  Boys Hostel near Amit University","Pg in Noida, Pg in Noida for boys, Students Accommodation near Amity for boys, boys PG Near Amity, Pg near Amity University, boys Hostel near sector 126 Noida, PG for boys near Amity University Noida, Students Accommodation for boys in Noida, fully furnished pg in noida for boys
","Pg for boys in Noida with AC and Food just few minutes walking distance from Amity University sector 126 noida  with safety and security.
","1","Almost Sold","14","2018-07-16 09:11:50",""
"72","604","PM002","PLACIO","611","1318","flagship","","6,7,8,9","","5","","Raipur Khadar Main, Raipur Khadar, Sector 126, Noida, Uttar Pradesh, India","Sector 126","Noida","Uttar Pradesh","201313","India","Raipur Khadar Main Road","28.539878822866424","77.33747477738495","pg-placio-prestige-living-raipur-khadar-main-road-sector-126-noida","Placio Prestige Living- Fully Furnished boys Pg in sector 126 Noida, PG in Noida, Boys Hostel near Amit University","Pg in Noida, Pg in Noida for boys, Students Accommodation near Amity for boys, boys PG Near Amity, Pg near Amity University, boys Hostel near sector 126 Noida, PG for boys near Amity University Noida, Students Accommodation for boys in Noida, fully furnished pg in noida for boys
","Pg for boys in Noida just 10 minutes walking distance from Amity University sector 126 noida  with safety and security.
","1","Filling Fast","13","2018-07-16 10:24:08",""
"73","604","PM021","PLACIO","58","1782","flagship","","6,7,8,9","","5","","Sector 126, Noida, Uttar Pradesh, India","Sector 126","Noida","Uttar Pradesh","201313","India","Sector 126","28.54189134893698","77.33474896732446","pg-placio-yash-homes-sector-126-sector-126-noida","Placio Yash Homes- Fully Furnished boys Pg in sector 126 Noida, PG in Noida, Boys Hostel near Amit University","Pg in Noida, Pg in Noida for boys, Students Accommodation near Amity for boys, boys PG Near Amity, Pg near Amity University, boys Hostel near sector 126 Noida, PG for boys near Amity University Noida, Students Accommodation for boys in Noida, fully furnished pg in noida for boys
","Pg for boys in Noida just 10 minutes walking distance from Amity University sector 126 noida  with safety and security.
","1","Sold Out","20","2018-07-16 09:18:02",""
"74","604","PM003","PLACIO","611","1318","flagship","","6,7,8,9","","5","","plot no. 16, Raipur Mandi, vill. Raipur khadar","Sector 126","Noida","Uttar Pradesh","201313","India","Raipur Khadar Main Road","28.539876466586808","77.33741576878663","pg-placio-prime-living-raipur-khadar-main-road-sector-126-noida","Placio Prime Living- Fully Furnished boys Pg in Noida sector 126, boys Hostel near Amit University","Pg in Noida, Pg in Noida for boys, Students Accommodation near Amity for boys, boys PG Near Amity, Pg near Amity University, boys Hostel near sector 126 Noida, PG for boys near Amity University Noida, Students Accommodation for boys in Noida, fully furnished pg in noida for boys
","Fully furnished hostel for boys just 10 minutes walking distance from Amity University sector 126 noida  
","1","","9","2018-07-09 09:30:33",""
"75","604","PM009","PLACIO","512","81","revenue-sharing","","6,7,8,9","","5","","Raipur Khadar Main, Raipur Khadar, Sector 126, Noida, Uttar Pradesh, India","Sector 126","Noida","Uttar Pradesh","201313","India","Raipur Khadar Main Road","28.541951150586705","77.33594390659039","pg-placio-the-nest-venus-2-raipur-khadar-main-road-sector-126-noida","Placio Admire 2 - PG in Noida, Fully Furnished boys Pg in Noida,  Boys Hostel nearby Amit University","Pg in Noida, Pg in Noida for boys, Students Accommodation near Amity for boys, boys PG Near Amity, Pg near Amity University, boys Hostel near sector 126 Noida, PG for boys near Amity University Noida, Students Accommodation for boys in Noida, fully furnished pg in noida for boys
","fully furnished Pg in Noida for boys with AC and Food on just walking distance from Amity University sector 126 noida
","1","","17","2018-07-16 09:18:02",""
"76","584","PM023","PLACIO","645","656","revenue-sharing","","40,41,42,43,44,45,55,56,57,58,59,60,61,62","","10","","E 107 Kamla Nagar, Near sparks mall Delhi -110007","Kamla Nagar","New Delhi","Delhi","110007","India","Kamla Nagar","28.6809111","77.20458669999994","pg-placio-oasis-1-kamla-nagar-kamla-nagar-new-delhi","Placio Oasis 1 -Pg for girls in Kamla Nagar, Girls Pg nearby sparks mall Kamla Nagar  new Delhi","Pg for girls in  Kamla Nagar, Girls Pg nearby Outram Lane in Kamla Nagar New Delhi, PG in Kamla Nagar, Girls Pg in Kamla Nagar, Students Accommodation for girls in Kamla Nagar, Accommodation for Girls fully furnished pg in Kamla Nagar","Book you fully furnished PG for girls in Kamla Nagar near sparks mall, New Delhi with Food and Saftey assurance.","1","","10","2018-07-09 14:30:07",""
"77","604","PMI05","RENTAL","1650","0","flagship","","25,26,27,28,29,30,31,32,33,34,35,36","","7","","Vijay Nagar, Indore, Madhya Pradesh, India","Vijay Nagar","Indore","Madhya Pradesh","452010","India","Vijay Nagar","22.7532848","75.89369620000002","pg-placio-wadhwani-vijay-nagar-vijay-nagar-indore","","","","0","","0","2018-07-11 09:17:04",""
"78","604","PFI03","RENTAL","1650","0","flagship","","25,26,27,28,29,30,31,32,33,34,35,36","","7","","Nayapura Main, Snehlataganj, Indore, Madhya Pradesh, India","Snehlataganj","Indore","Madhya Pradesh","452007","India","Nayapura Main Road","22.7241275","75.86521029999994","pg-placio-pride-nayapura-main-road-snehlataganj-indore","","","","0","","0","2018-07-11 09:16:51",""
"79","584","PM027","PLACIO","645","656","revenue-sharing","","40,41,42,43,44,45,55,56,57,58,59,60,61,62","","10","","E 108 Kamla Nagar, Near sparks mall Delhi -110007","Kamla Nagar","North Delhi","Delhi","110007","India","","28.6827586","77.20621419999998","pg-placio-oasis-5--kamla-nagar-north-delhi","Placio Oasis 5 -Pg for boys in Kamla Nagar, boys Pg nearby sparks mall Kamla Nagar  new Delhi","Pg for boys in  Kamla Nagar, boys Pg nearby Outram Lane in Kamla Nagar New Delhi, PG in Kamla Nagar, boys Pg in Kamla Nagar, Students Accommodation for boys in Kamla Nagar, Accommodation for boys fully furnished pg in Kamla Nagar","Book you fully furnished PG for boys in Kamla Nagar near sparks mall, New Delhi with Food and Saftey assurance.","1","Almost Sold","14","2018-07-17 09:29:49",""
"80","604","PF027","PLACIO","645","656","flagship","","40,41,42,43,44,45,55,56,57,58,59,60,61,62","","10","","Building 16 Hakkikat Nagar GTB Nagar Delhi","Kalyan Vihar","North Delhi","Delhi","110009","India","Old Gupta Colony","28.6798538","77.2000728","pg-placio-campus-pg-2-old-gupta-colony-kalyan-vihar-north-delhi","","","","0","","18","2018-07-03 14:04:32",""
"81","604","PF026","PLACIO","645","656","revenue-sharing","","40,41,42,43,44,45,55,56,57,58,59,60,61,62","","10","","D26 Old Gupta Colony New Delhi, Delhi, India 110007","GTB Nagar","New Delhi","Delhi","110009","India","GTB Nagar Metro Rail Station","28.698384","77.20587999999998","pg-placio-campus-pg-1-gtb-nagar-metro-rail-station-gtb-nagar-new-delhi","","","","0","","17","2018-07-03 14:04:23",""
"82","604","PF015","PLACIO","645","656","revenue-sharing","","40,41,42,43,44,45,55,56,57,58,59,60,61,62","","10","","10A-UA, Jawahar Nagar, Malkaganj Chowk, New Delhi","Kamla Nagar","North Delhi","Delhi","110007","India","Malka Ganj Road","28.678987320178134","77.20697331139218","pg-placio-nirmal-residency-malka-ganj-road-kamla-nagar-north-delhi","Placio Nirmal Residency -Pg for girls in Jawahar  Nagar, Girls Pg nearby Malkaganj Chowk New Delhi","Pg for girls in Jawahar  Nagar, Girls Pg nearby Malkaganj Chowk in Jawahar Nagar New Delhi, PG in Jawahar  Nagar, Girls Pg in Jawahar Nagar, Students Accommodation for girls in Jawahar Nagar, Accommodation for Grils fully furnished pg in Jawahar Nagar","Book you fully furnished PG for girls in Jawahar  Nagar near Malkaganj Chowk, New Delhi with Food and Saftey assurance.","1","","4","2018-07-09 13:15:01",""
"83","584","PM022","PLACIO","512","81","revenue-sharing","","6,7,8,9","","5","","Sector 126, Noida, Uttar Pradesh, India","Sector 126","Noida","Uttar Pradesh","201313","India","Sector 126","28.54067552475972","77.33721794072267","pg-placio-admire-2-sector-126-sector-126-noida","Placio Admire 2 - PG in Noida, Fully Furnished boys Pg in Noida,  Boys Hostel nearby Amit University","Pg in Noida, Pg in Noida for boys, Students Accommodation near Amity for boys, boys PG Near Amity, Pg near Amity University, boys Hostel near sector 126 Noida, PG for boys near Amity University Noida, Students Accommodation for boys in Noida, fully furnished pg in noida for boys
","fully furnished Pg for boys in Noida with AC and Food just few minutes walking distance from Amity University sector 126 noida
","1","","19","2018-07-16 09:18:03",""
"84","949","","","645","656","revenue-sharing","","0,40,41,42,43,44,45,55,56,57,58,59,60,61,62","","10","","North Delhi, Delhi, India","","Delhi","Delhi","110025","India","North Delhi","28.7886037","77.14116020000006","pg-placio-campus-pg-3-north-delhi--delhi","","","","0","","19","2018-06-29 07:46:21",""
"85","1177","","","645","765","revenue-sharing","","40,41,42,43,44,45,55,56,57,58,59,60,61,62","","10","","F 31, Kamla Nagar, Delhi 110007","","North Delhi","Delhi","110007","India","North Delhi","28.679773","77.20319","pg-bird-house-1-north-delhi--north-delhi","","","","1","Filling Fast","21","2018-07-10 10:22:31",""
"86","1177","","","951","0","revenue-sharing","","40,41,42,43,44,45,55,56,57,58,59,60,61,62","","10","","North Delhi, Delhi, India","","North Delhi","Delhi","110007","India","North Delhi","28.7886037","77.14116020000006","pg-bird-house-2-north-delhi--north-delhi","","","","1","","22","2018-07-16 16:23:40",""
