"id","user_id","pg_name","zone","micromarket","score","question_value","create_date"
"5","600","Shreshth","Sec 126","Raipur 5%","73.75","{""1"":""500"",""2"":""500"",""3"":""200"",""4"":""Yes"",""5"":""No"",""6"":""40000"",""7"":""2"",""8"":""Poor"",""9"":""Good"",""10"":""Yes"",""11"":""No"",""12"":""Good"",""13"":""Average"",""14"":""Yes"",""15"":""Good"",""16"":""Good"",""17"":""Yes"",""18"":""No"",""19"":""No"",""20"":""Yes"",""21"":""24 hours available"",""22"":""No"",""23"":""Yes"",""24"":""50"",""25"":""60"",""26"":""160000""}",""
"6","600","est tnirmala pg ","north campus delhi ","vijay nagar","62","{""1"":""300"",""2"":""700"",""3"":""5000"",""4"":""Yes"",""5"":""Yes"",""6"":""50000"",""7"":""3"",""8"":""Average"",""9"":""Poor"",""10"":""Yes"",""11"":""Yes"",""12"":""Good"",""13"":""Good"",""14"":""Yes"",""15"":""Average"",""16"":""Average"",""17"":""Yes"",""18"":""No"",""19"":""Yes"",""20"":""No"",""21"":""Not available"",""22"":""No"",""23"":""No"",""24"":""24"",""25"":""8"",""26"":""32000""}",""
"7","601","Satkar Hostels","Bhawanrkua","Bhawanrkua","74.25","{""1"":""500"",""2"":""500"",""3"":""800"",""4"":""Yes"",""5"":""Yes"",""6"":""5000"",""7"":""1 yr"",""8"":""Average"",""9"":""Average"",""10"":""Yes"",""11"":""Yes"",""12"":""Average"",""13"":""Good"",""14"":""Yes"",""15"":""Good"",""16"":""Good"",""17"":""Maybe"",""18"":""Yes"",""19"":""Yes"",""20"":""Yes"",""21"":""24 hours available"",""22"":""Yes"",""23"":""No"",""24"":""230"",""25"":""100"",""26"":""1,10,000""}",""
"8","60","Petals","DU North Campus","Shakti Nagar","65.25","{""1"":""0"",""2"":""50"",""3"":""1000"",""4"":""Yes"",""5"":""No"",""6"":""700"",""7"":""10"",""8"":""Good"",""9"":""Good"",""10"":""Yes"",""11"":""Yes"",""12"":""Good"",""13"":""Good"",""14"":""Yes"",""15"":""Good"",""16"":""Good"",""17"":""Maybe"",""18"":""Yes"",""19"":""Yes"",""20"":""Yes"",""21"":""24 hours available"",""22"":""Yes"",""23"":""Yes"",""24"":""101"",""25"":""101"",""26"":""20000""}",""
"9","600","Petals Revised","DU North campus","Shakti Nagar","77.5","{""1"":""10"",""2"":""50"",""3"":""1000"",""4"":""Yes"",""5"":""Yes"",""6"":""700"",""7"":""10"",""8"":""Good"",""9"":""Good"",""10"":""Yes"",""11"":""Yes"",""12"":""Good"",""13"":""Good"",""14"":""Yes"",""15"":""Good"",""16"":""Good"",""17"":""Maybe"",""18"":""Yes"",""19"":""Yes"",""20"":""Yes"",""21"":""24 hours available"",""22"":""Yes"",""23"":""Yes"",""24"":""101"",""25"":""100"",""26"":""200000""}",""
"10","643","kkrishna 5 sense","delhi","laxminagar","71.5","{""1"":""50"",""2"":""100"",""3"":""100"",""4"":""Yes"",""5"":""No"",""6"":""50000"",""7"":""5"",""8"":""Good"",""9"":""Average"",""10"":""Yes"",""11"":""No"",""12"":""Average"",""13"":""Average"",""14"":""Yes"",""15"":""Good"",""16"":""Good"",""17"":""Maybe"",""18"":""Yes"",""19"":""No"",""20"":""Yes"",""21"":""24 hours available"",""22"":""Yes"",""23"":""Yes"",""24"":""140"",""25"":""90"",""26"":""100000""}",""
"11","643","kkrishna 5 sense","delhi","laxminagar","71.5","{""1"":""50"",""2"":""100"",""3"":""100"",""4"":""Yes"",""5"":""No"",""6"":""50000"",""7"":""5"",""8"":""Good"",""9"":""Average"",""10"":""Yes"",""11"":""No"",""12"":""Average"",""13"":""Average"",""14"":""Yes"",""15"":""Good"",""16"":""Good"",""17"":""Maybe"",""18"":""Yes"",""19"":""No"",""20"":""Yes"",""21"":""24 hours available"",""22"":""Yes"",""23"":""Yes"",""24"":""140"",""25"":""90"",""26"":""100000""}",""
"19","602","Halls of Residence","Lucknow","BBD","58","{""1"":""0.1"",""2"":""0.1"",""3"":""0.1"",""4"":""Yes"",""5"":""No"",""6"":""25000"",""7"":""15"",""8"":""Good"",""9"":""Average"",""10"":""Yes"",""11"":""Yes"",""12"":""Good"",""13"":""Average"",""14"":""Yes"",""15"":""Average"",""16"":""Average"",""17"":""Maybe"",""18"":""No"",""19"":""No"",""20"":""Yes"",""21"":""24 hours available"",""22"":""No"",""23"":""Yes"",""24"":""72"",""25"":""60"",""26"":""6500""}",""
"20","61","Elite Homes","Noida","Raipur 5%","70","{""1"":""500"",""2"":""500"",""3"":""200"",""4"":""Yes"",""5"":""Select Option"",""6"":""40000"",""7"":""3"",""8"":""Good"",""9"":""Good"",""10"":""Yes"",""11"":""Yes"",""12"":""Average"",""13"":""Good"",""14"":""Yes"",""15"":""Good"",""16"":""Good"",""17"":""Maybe"",""18"":""No"",""19"":""No"",""20"":""Yes"",""21"":""24 hours available"",""22"":""Yes"",""23"":""Yes"",""24"":""72"",""25"":""95"",""26"":""180000""}",""
"21","643","krishna pg","delhi","laxminagar","66.5","{""1"":""50"",""2"":""100"",""3"":""100"",""4"":""Yes"",""5"":""No"",""6"":""80000"",""7"":""5"",""8"":""Average"",""9"":""Average"",""10"":""Yes"",""11"":""No"",""12"":""Average"",""13"":""Good"",""14"":""Yes"",""15"":""Good"",""16"":""Good"",""17"":""Maybe"",""18"":""Yes"",""19"":""No"",""20"":""Yes"",""21"":""Not available"",""22"":""Yes"",""23"":""Yes"",""24"":""65"",""25"":""100"",""26"":""71500""}",""
"22","60","Pearls PG","DU North Campus","Shakti Nagar","73.75","{""1"":""15"",""2"":""15"",""3"":""1000"",""4"":""Yes"",""5"":""No"",""6"":""800"",""7"":""5"",""8"":""Good"",""9"":""Good"",""10"":""Yes"",""11"":""Yes"",""12"":""Good"",""13"":""Good"",""14"":""Yes"",""15"":""Good"",""16"":""Good"",""17"":""Yes"",""18"":""Yes"",""19"":""Yes"",""20"":""Yes"",""21"":""24 hours available"",""22"":""Yes"",""23"":""Yes"",""24"":""24"",""25"":""6"",""26"":""43200""}",""
"23","60","Vidyaa Jyoti","DU North Campus","Roop Nagar","59.25","{""1"":""200"",""2"":""200"",""3"":""800"",""4"":""Yes"",""5"":""No"",""6"":""600"",""7"":""5"",""8"":""Good"",""9"":""Good"",""10"":""Select Option"",""11"":""Yes"",""12"":""Good"",""13"":""Average"",""14"":""Yes"",""15"":""Average"",""16"":""Good"",""17"":""Maybe"",""18"":""Yes"",""19"":""Yes"",""20"":""Yes"",""21"":""24 hours available"",""22"":""Yes"",""23"":""Yes"",""24"":""55"",""25"":""90"",""26"":""74250""}",""
"24","600","Ahuja's PG","DU North Campus","Roop Nagar","75.5","{""1"":""20"",""2"":""50"",""3"":""600"",""4"":""Yes"",""5"":""No"",""6"":""600"",""7"":""5"",""8"":""Good"",""9"":""Good"",""10"":""Yes"",""11"":""No"",""12"":""Good"",""13"":""Good"",""14"":""Yes"",""15"":""Good"",""16"":""Good"",""17"":""Yes"",""18"":""Yes"",""19"":""Yes"",""20"":""Yes"",""21"":""24 hours available"",""22"":""Yes"",""23"":""Yes"",""24"":""32"",""25"":""85"",""26"":""26880""}",""
"25","61","The Pavilion","Noida","Raipur 5%","65.75","{""1"":""500"",""2"":""500"",""3"":""200"",""4"":""Yes"",""5"":""No"",""6"":""40000"",""7"":""2"",""8"":""Good"",""9"":""Good"",""10"":""Yes"",""11"":""Yes"",""12"":""Good"",""13"":""Good"",""14"":""Yes"",""15"":""Good"",""16"":""Good"",""17"":""Maybe"",""18"":""No"",""19"":""No"",""20"":""Yes"",""21"":""24 hours available"",""22"":""Yes"",""23"":""Yes"",""24"":""46"",""25"":""60"",""26"":""82800""}",""
"26","643","tirupati palace","delhi","laxminagar","76.25","{""1"":""50"",""2"":""50"",""3"":""100"",""4"":""Yes"",""5"":""No"",""6"":""80000"",""7"":""4"",""8"":""Good"",""9"":""Good"",""10"":""Yes"",""11"":""No"",""12"":""Average"",""13"":""Average"",""14"":""Yes"",""15"":""Good"",""16"":""Good"",""17"":""Maybe"",""18"":""Yes"",""19"":""No"",""20"":""Yes"",""21"":""24 hours available"",""22"":""Yes"",""23"":""Yes"",""24"":""120"",""25"":""6000"",""26"":""144000""}",""
"27","61","Luxury Livings","Noida","Raipur 5%","66","{""1"":""500"",""2"":""500"",""3"":""200"",""4"":""Yes"",""5"":""No"",""6"":""40000"",""7"":""3"",""8"":""Average"",""9"":""Good"",""10"":""Yes"",""11"":""No"",""12"":""Average"",""13"":""Good"",""14"":""Yes"",""15"":""Good"",""16"":""Good"",""17"":""Yes"",""18"":""No"",""19"":""No"",""20"":""Yes"",""21"":""24 hours available"",""22"":""No"",""23"":""Yes"",""24"":""38"",""25"":""70"",""26"":""60800""}",""
"28","61","Shresth Homes","Noida","Raipur 5%","68.5","{""1"":""500"",""2"":""500"",""3"":""200"",""4"":""Yes"",""5"":""No"",""6"":""40000"",""7"":""3"",""8"":""Poor"",""9"":""Good"",""10"":""Yes"",""11"":""No"",""12"":""Good"",""13"":""Average"",""14"":""Yes"",""15"":""Good"",""16"":""Good"",""17"":""Yes"",""18"":""No"",""19"":""No"",""20"":""Yes"",""21"":""12 hours available"",""22"":""No"",""23"":""Yes"",""24"":""50"",""25"":""50"",""26"":""80000""}",""
"29","60","Wellham PG","DU North Campus","Roop Nagar","63.5","{""1"":""200"",""2"":""200"",""3"":""700"",""4"":""Yes"",""5"":""No"",""6"":""600"",""7"":""5"",""8"":""Average"",""9"":""Good"",""10"":""Yes"",""11"":""Yes"",""12"":""Good"",""13"":""Average"",""14"":""Yes"",""15"":""Good"",""16"":""Good"",""17"":""Yes"",""18"":""No"",""19"":""No"",""20"":""Yes"",""21"":""Not available"",""22"":""Yes"",""23"":""No"",""24"":""36"",""25"":""90"",""26"":""54000""}",""
"30","61","BS PG","Noida","Raipur 5%","65.25","{""1"":""500"",""2"":""500"",""3"":""200"",""4"":""Yes"",""5"":""No"",""6"":""40000"",""7"":""0"",""8"":""Good"",""9"":""Average"",""10"":""Yes"",""11"":""No"",""12"":""Average"",""13"":""Good"",""14"":""Yes"",""15"":""Good"",""16"":""Good"",""17"":""Yes"",""18"":""No"",""19"":""No"",""20"":""Yes"",""21"":""24 hours available"",""22"":""Yes"",""23"":""Yes"",""24"":""40"",""25"":""new property"",""26"":""64000""}",""
"31","61","DAP PG Homes","Noida","Raipur 5%","56.5","{""1"":""500"",""2"":""500"",""3"":""200"",""4"":""Yes"",""5"":""No"",""6"":""40000"",""7"":""3"",""8"":""Average"",""9"":""Poor"",""10"":""No"",""11"":""No"",""12"":""Average"",""13"":""Average"",""14"":""Yes"",""15"":""Good"",""16"":""Average"",""17"":""Yes"",""18"":""No"",""19"":""No"",""20"":""Yes"",""21"":""Not available"",""22"":""No"",""23"":""No"",""24"":""56"",""25"":""95"",""26"":""56000""}",""
"32","643","Vasu PG","delhi","laxminagar","51.25","{""1"":""50"",""2"":""50"",""3"":""50"",""4"":""Yes"",""5"":""No"",""6"":""80000"",""7"":""6"",""8"":""Average"",""9"":""Average"",""10"":""No"",""11"":""No"",""12"":""Average"",""13"":""Poor"",""14"":""Yes"",""15"":""Average"",""16"":""Average"",""17"":""Maybe"",""18"":""No"",""19"":""No"",""20"":""Yes"",""21"":""12 hours available"",""22"":""Yes"",""23"":""No"",""24"":""42"",""25"":""80"",""26"":""37800""}",""
"33","60","Apoorva PG 1","DU North Campus","Hudson Lane","77","{""1"":""10"",""2"":""250"",""3"":""200"",""4"":""Yes"",""5"":""No"",""6"":""4500"",""7"":""5"",""8"":""Good"",""9"":""Good"",""10"":""Yes"",""11"":""Yes"",""12"":""Good"",""13"":""Good"",""14"":""Yes"",""15"":""Good"",""16"":""Good"",""17"":""Yes"",""18"":""Yes"",""19"":""No"",""20"":""Yes"",""21"":""24 hours available"",""22"":""Yes"",""23"":""Yes"",""24"":""48"",""25"":""90"",""26"":""36480""}",""
"34","61","New Prop Near Divya","Noida","Raipur 5%","80","{""1"":""500"",""2"":""500"",""3"":""200"",""4"":""Yes"",""5"":""No"",""6"":""40000"",""7"":""0"",""8"":""Good"",""9"":""Good"",""10"":""Yes"",""11"":""No"",""12"":""Good"",""13"":""Good"",""14"":""Yes"",""15"":""Good"",""16"":""Average"",""17"":""Yes"",""18"":""No"",""19"":""No"",""20"":""Yes"",""21"":""24 hours available"",""22"":""Yes"",""23"":""Yes"",""24"":""140"",""25"":""new property"",""26"":""210000""}",""
"35","643","royal house","delhi","laxminagar","75.25","{""1"":""50"",""2"":""50"",""3"":""50"",""4"":""Yes"",""5"":""No"",""6"":""80000"",""7"":""5"",""8"":""Good"",""9"":""Good"",""10"":""Yes"",""11"":""No"",""12"":""Average"",""13"":""Good"",""14"":""Yes"",""15"":""Good"",""16"":""Good"",""17"":""Maybe"",""18"":""No"",""19"":""No"",""20"":""Yes"",""21"":""24 hours available"",""22"":""Yes"",""23"":""Yes"",""24"":""100"",""25"":""90"",""26"":""120000""}",""
"36","60","Apoorva PG 2","DU North Campus","Hudson Lane","79.25","{""1"":""10"",""2"":""250"",""3"":""200"",""4"":""Yes"",""5"":""Yes"",""6"":""4500"",""7"":""5"",""8"":""Good"",""9"":""Good"",""10"":""Yes"",""11"":""Yes"",""12"":""Good"",""13"":""Good"",""14"":""Yes"",""15"":""Good"",""16"":""Good"",""17"":""Yes"",""18"":""Yes"",""19"":""No"",""20"":""Yes"",""21"":""24 hours available"",""22"":""Yes"",""23"":""Yes"",""24"":""60"",""25"":""90"",""26"":""46080""}",""
"37","61","Vijay Chauhan-sec44","Noida","Sector 44","83.25","{""1"":""20"",""2"":""200"",""3"":""700"",""4"":""Yes"",""5"":""Yes"",""6"":""40000"",""7"":""0"",""8"":""Good"",""9"":""Good"",""10"":""Yes"",""11"":""Yes"",""12"":""Good"",""13"":""Good"",""14"":""Yes"",""15"":""Good"",""16"":""Good"",""17"":""Yes"",""18"":""No"",""19"":""No"",""20"":""Yes"",""21"":""24 hours available"",""22"":""Yes"",""23"":""Yes"",""24"":""130"",""25"":""new property"",""26"":""182000""}",""
"38","60","Apoorva PG 3","DU North Campus","Hudson Lane","64.5","{""1"":""10"",""2"":""250"",""3"":""200"",""4"":""Yes"",""5"":""Yes"",""6"":""4500"",""7"":""5"",""8"":""Average"",""9"":""Average"",""10"":""Yes"",""11"":""Yes"",""12"":""Good"",""13"":""Average"",""14"":""Yes"",""15"":""Average"",""16"":""Good"",""17"":""Yes"",""18"":""Yes"",""19"":""No"",""20"":""Yes"",""21"":""Not available"",""22"":""No"",""23"":""No"",""24"":""15"",""25"":""80"",""26"":""11220""}",""
"39","61","Divya Homes","Noida","Raipur 5%","68","{""1"":""500"",""2"":""500"",""3"":""200"",""4"":""Yes"",""5"":""No"",""6"":""40000"",""7"":""1"",""8"":""Good"",""9"":""Good"",""10"":""Yes"",""11"":""No"",""12"":""Average"",""13"":""Good"",""14"":""Yes"",""15"":""Good"",""16"":""Good"",""17"":""Maybe"",""18"":""Select Option"",""19"":""Select Option"",""20"":""Yes"",""21"":""24 hours available"",""22"":""No"",""23"":""Yes"",""24"":""84"",""25"":""95"",""26"":""126000""}",""
"40","643","singhla house","delhi","laxminagar","67.5","{""1"":""50"",""2"":""50"",""3"":""50"",""4"":""Yes"",""5"":""No"",""6"":""80000"",""7"":""0"",""8"":""Average"",""9"":""Average"",""10"":""Yes"",""11"":""No"",""12"":""Average"",""13"":""Average"",""14"":""Yes"",""15"":""Average"",""16"":""Average"",""17"":""Maybe"",""18"":""No"",""19"":""No"",""20"":""No"",""21"":""Not available"",""22"":""No"",""23"":""Yes"",""24"":""210"",""25"":""0"",""26"":""252000""}",""
"41","643","nilkanth PG","delhi","laxminagar","75.25","{""1"":""50"",""2"":""50"",""3"":""50"",""4"":""Yes"",""5"":""No"",""6"":""80000"",""7"":""5"",""8"":""Average"",""9"":""Average"",""10"":""Yes"",""11"":""No"",""12"":""Average"",""13"":""Average"",""14"":""Yes"",""15"":""Average"",""16"":""Good"",""17"":""Yes"",""18"":""No"",""19"":""No"",""20"":""Yes"",""21"":""12 hours available"",""22"":""Yes"",""23"":""Yes"",""24"":""70"",""25"":""80"",""26"":""77000""}",""
"42","61","Himanshu Sharma sec 44","Noida","Sector 44","72.25","{""1"":""100"",""2"":""100"",""3"":""900"",""4"":""Yes"",""5"":""Yes"",""6"":""40000"",""7"":""0"",""8"":""Good"",""9"":""Good"",""10"":""Yes"",""11"":""Yes"",""12"":""Good"",""13"":""Good"",""14"":""Yes"",""15"":""Good"",""16"":""Good"",""17"":""Yes"",""18"":""No"",""19"":""No"",""20"":""Yes"",""21"":""24 hours available"",""22"":""Yes"",""23"":""Yes"",""24"":""40"",""25"":""new property"",""26"":""60000""}",""
"43","60","Apoorva PG 4","DU North Campus","Hudson Lane","63","{""1"":""10"",""2"":""250"",""3"":""200"",""4"":""Yes"",""5"":""No"",""6"":""4500"",""7"":""5"",""8"":""Poor"",""9"":""Good"",""10"":""Yes"",""11"":""Yes"",""12"":""Good"",""13"":""Average"",""14"":""Yes"",""15"":""Good"",""16"":""Average"",""17"":""Yes"",""18"":""Yes"",""19"":""No"",""20"":""Yes"",""21"":""Not available"",""22"":""No"",""23"":""No"",""24"":""13"",""25"":""77"",""26"":""9900""}",""
"44","60","Paradise PG","DU North Campus","Outram Line","65.5","{""1"":""10"",""2"":""250"",""3"":""250"",""4"":""Yes"",""5"":""No"",""6"":""1000"",""7"":""8"",""8"":""Average"",""9"":""Average"",""10"":""Yes"",""11"":""Yes"",""12"":""Good"",""13"":""Good"",""14"":""Yes"",""15"":""Good"",""16"":""Good"",""17"":""Yes"",""18"":""No"",""19"":""No"",""20"":""Yes"",""21"":""Not available"",""22"":""No"",""23"":""No"",""24"":""40"",""25"":""45"",""26"":""50000""}",""
"45","60","Nirmala PG 1","DU North Campus","Hudson Lane","58.5","{""1"":""350"",""2"":""350"",""3"":""350"",""4"":""Yes"",""5"":""No"",""6"":""4500"",""7"":""5"",""8"":""Average"",""9"":""Poor"",""10"":""No"",""11"":""Yes"",""12"":""Good"",""13"":""Poor"",""14"":""Yes"",""15"":""Average"",""16"":""Average"",""17"":""Yes"",""18"":""Yes"",""19"":""No"",""20"":""Yes"",""21"":""Not available"",""22"":""No"",""23"":""No"",""24"":""55"",""25"":""45"",""26"":""55000""}",""
"46","60","Nirmala PG 2","DU North campus","Hudson Lane","71","{""1"":""200"",""2"":""200"",""3"":""200"",""4"":""Yes"",""5"":""No"",""6"":""4500"",""7"":""6"",""8"":""Average"",""9"":""Average"",""10"":""Yes"",""11"":""Yes"",""12"":""Good"",""13"":""Average"",""14"":""Yes"",""15"":""Good"",""16"":""Good"",""17"":""Yes"",""18"":""Yes"",""19"":""No"",""20"":""Yes"",""21"":""24 hours available"",""22"":""Yes"",""23"":""Yes"",""24"":""44"",""25"":""77"",""26"":""44000""}",""
"47","60","Nirmala PG 3","DU North Campus","Hudson Lane","69.75","{""1"":""200"",""2"":""200"",""3"":""200"",""4"":""Yes"",""5"":""No"",""6"":""4500"",""7"":""6"",""8"":""Average"",""9"":""Average"",""10"":""Yes"",""11"":""Yes"",""12"":""Good"",""13"":""Average"",""14"":""Yes"",""15"":""Average"",""16"":""Average"",""17"":""Yes"",""18"":""Yes"",""19"":""No"",""20"":""Yes"",""21"":""24 hours available"",""22"":""No"",""23"":""Yes"",""24"":""50"",""25"":""84"",""26"":""55000""}",""
"48","60","Nirmala PG 4","DU North Campus","Hudson Lane","69","{""1"":""250"",""2"":""250"",""3"":""250"",""4"":""Yes"",""5"":""Yes"",""6"":""4500"",""7"":""8"",""8"":""Average"",""9"":""Average"",""10"":""Yes"",""11"":""No"",""12"":""Good"",""13"":""Average"",""14"":""Yes"",""15"":""Good"",""16"":""Good"",""17"":""Yes"",""18"":""Yes"",""19"":""No"",""20"":""Yes"",""21"":""24 hours available"",""22"":""No"",""23"":""Yes"",""24"":""30"",""25"":""83"",""26"":""30000""}",""
"49","60","Nirmala PG 5","DU North Campus","Hudson Lane","64.25","{""1"":""250"",""2"":""250"",""3"":""250"",""4"":""Yes"",""5"":""Yes"",""6"":""4500"",""7"":""8"",""8"":""Average"",""9"":""Average"",""10"":""Yes"",""11"":""Yes"",""12"":""Good"",""13"":""Average"",""14"":""Yes"",""15"":""Good"",""16"":""Good"",""17"":""Yes"",""18"":""Yes"",""19"":""No"",""20"":""Yes"",""21"":""Not available"",""22"":""No"",""23"":""No"",""24"":""20"",""25"":""80"",""26"":""20000""}",""
"50","60","Dua PG","DU North Campus","Outram Line","72","{""1"":""300"",""2"":""400"",""3"":""400"",""4"":""Yes"",""5"":""No"",""6"":""1000"",""7"":""1"",""8"":""Average"",""9"":""Good"",""10"":""Yes"",""11"":""Yes"",""12"":""Good"",""13"":""Good"",""14"":""Yes"",""15"":""Good"",""16"":""Good"",""17"":""Yes"",""18"":""No"",""19"":""No"",""20"":""Yes"",""21"":""24 hours available"",""22"":""Yes"",""23"":""Yes"",""24"":""60"",""25"":""84"",""26"":""60000""}",""
"51","60","Singh PG","DU North Campus","Vijay Nagar","56.25","{""1"":""200"",""2"":""400"",""3"":""700"",""4"":""Yes"",""5"":""Yes"",""6"":""6000"",""7"":""8"",""8"":""Poor"",""9"":""Poor"",""10"":""Yes"",""11"":""Yes"",""12"":""Good"",""13"":""Average"",""14"":""Yes"",""15"":""Average"",""16"":""Good"",""17"":""Yes"",""18"":""No"",""19"":""No"",""20"":""Yes"",""21"":""Not available"",""22"":""No"",""23"":""No"",""24"":""24"",""25"":""10"",""26"":""24000""}",""
"52","60","Renuka PG 1","DU North Campus","Vijay Nagar","75.25","{""1"":""50"",""2"":""200"",""3"":""800"",""4"":""Yes"",""5"":""No"",""6"":""6000"",""7"":""6"",""8"":""Poor"",""9"":""Good"",""10"":""Yes"",""11"":""Yes"",""12"":""Good"",""13"":""Good"",""14"":""Yes"",""15"":""Good"",""16"":""Good"",""17"":""Yes"",""18"":""Yes"",""19"":""No"",""20"":""Yes"",""21"":""Not available"",""22"":""Yes"",""23"":""Yes"",""24"":""24"",""25"":""84"",""26"":""28800""}",""
"53","60","Girls PG 1","DU North Campus","Vijay Nagar","66.25","{""1"":""15"",""2"":""400"",""3"":""700"",""4"":""Yes"",""5"":""No"",""6"":""6000"",""7"":""1"",""8"":""Good"",""9"":""Good"",""10"":""Yes"",""11"":""Yes"",""12"":""Good"",""13"":""Good"",""14"":""Yes"",""15"":""Good"",""16"":""Good"",""17"":""Maybe"",""18"":""No"",""19"":""No"",""20"":""Yes"",""21"":""24 hours available"",""22"":""Yes"",""23"":""Yes"",""24"":""26"",""25"":""85"",""26"":""31200""}",""
"54","60","Girls PG 2","DU North Campus","Vijay Nagar","61.25","{""1"":""15"",""2"":""400"",""3"":""700"",""4"":""Yes"",""5"":""No"",""6"":""6000"",""7"":""1"",""8"":""Good"",""9"":""Good"",""10"":""Yes"",""11"":""Yes"",""12"":""Good"",""13"":""Good"",""14"":""Yes"",""15"":""Good"",""16"":""Good"",""17"":""Maybe"",""18"":""No"",""19"":""No"",""20"":""Yes"",""21"":""24 hours available"",""22"":""Yes"",""23"":""Yes"",""24"":""26"",""25"":""0"",""26"":""31200""}",""
"55","61","Atlantis","Noida","Raipur 5%","60.25","{""1"":""500"",""2"":""500"",""3"":""200"",""4"":""Yes"",""5"":""No"",""6"":""40000"",""7"":""1"",""8"":""Average"",""9"":""Average"",""10"":""No"",""11"":""No"",""12"":""Average"",""13"":""Good"",""14"":""Yes"",""15"":""Good"",""16"":""Average"",""17"":""Yes"",""18"":""No"",""19"":""No"",""20"":""Yes"",""21"":""24 hours available"",""22"":""No"",""23"":""No"",""24"":""36"",""25"":""88"",""26"":""43200""}","27-12-2017"
"56","61","Amy House","Noida","Raipur","74.75","{""1"":""600"",""2"":""50"",""3"":""200"",""4"":""Yes"",""5"":""No"",""6"":""40000"",""7"":""2"",""8"":""Average"",""9"":""Good"",""10"":""Yes"",""11"":""Yes"",""12"":""Good"",""13"":""Average"",""14"":""Yes"",""15"":""Good"",""16"":""Good"",""17"":""Yes"",""18"":""No"",""19"":""No"",""20"":""Yes"",""21"":""12 hours available"",""22"":""Select Option"",""23"":""Yes"",""24"":""72"",""25"":""81"",""26"":""91000""}","27-12-2017"
"57","60","Simran PG 1","DU North Campus","Vijay Nagar","67","{""1"":""5"",""2"":""700"",""3"":""700"",""4"":""Yes"",""5"":""Yes"",""6"":""4500"",""7"":""6"",""8"":""Good"",""9"":""Good"",""10"":""Yes"",""11"":""Yes"",""12"":""Good"",""13"":""Good"",""14"":""Yes"",""15"":""Good"",""16"":""Good"",""17"":""Maybe"",""18"":""Yes"",""19"":""No"",""20"":""Yes"",""21"":""Not available"",""22"":""Yes"",""23"":""Yes"",""24"":""35"",""25"":""86"",""26"":""42000""}","27-12-2017"
"58","60","Simran PG 2","DU North Campus","Vijay Nagar","63","{""1"":""250"",""2"":""700"",""3"":""800"",""4"":""Yes"",""5"":""No"",""6"":""4500"",""7"":""5"",""8"":""Good"",""9"":""Good"",""10"":""Yes"",""11"":""Yes"",""12"":""Good"",""13"":""Average"",""14"":""Yes"",""15"":""Good"",""16"":""Good"",""17"":""Maybe"",""18"":""Yes"",""19"":""No"",""20"":""Yes"",""21"":""24 hours available"",""22"":""Yes"",""23"":""Yes"",""24"":""24"",""25"":""90"",""26"":""31200""}","27-12-2017"
"59","60","Simran PG 3","DU North Campus","Vijay Nagar","64.5","{""1"":""300"",""2"":""800"",""3"":""800"",""4"":""Yes"",""5"":""No"",""6"":""4500"",""7"":""8"",""8"":""Good"",""9"":""Good"",""10"":""Yes"",""11"":""Yes"",""12"":""Good"",""13"":""Good"",""14"":""Yes"",""15"":""Average"",""16"":""Good"",""17"":""Maybe"",""18"":""Yes"",""19"":""No"",""20"":""Yes"",""21"":""24 hours available"",""22"":""Yes"",""23"":""Yes"",""24"":""42"",""25"":""90"",""26"":""54600""}","27-12-2017"
"60","60","Kaushalya Niwas 1","DU North Campus","Vijay Nagar","75","{""1"":""5"",""2"":""700"",""3"":""700"",""4"":""Yes"",""5"":""No"",""6"":""4500"",""7"":""8"",""8"":""Poor"",""9"":""Good"",""10"":""Yes"",""11"":""Yes"",""12"":""Good"",""13"":""Good"",""14"":""Yes"",""15"":""Good"",""16"":""Good"",""17"":""Yes"",""18"":""Yes"",""19"":""No"",""20"":""Yes"",""21"":""24 hours available"",""22"":""Yes"",""23"":""Yes"",""24"":""34"",""25"":""89"",""26"":""47600""}","27-12-2017"
"61","60","Sandhya PG 1","DU North Campus","Vijay Nagar","52","{""1"":""700"",""2"":""700"",""3"":""700"",""4"":""Yes"",""5"":""No"",""6"":""4500"",""7"":""8"",""8"":""Poor"",""9"":""Average"",""10"":""Yes"",""11"":""Yes"",""12"":""Good"",""13"":""Average"",""14"":""Yes"",""15"":""Good"",""16"":""Good"",""17"":""Maybe"",""18"":""No"",""19"":""No"",""20"":""Yes"",""21"":""Not available"",""22"":""No"",""23"":""No"",""24"":""34"",""25"":""90"",""26"":""34000""}","27-12-2017"
"62","60","Sandhya PG 2","DU North Campus","Vijay Nagar","49.5","{""1"":""800"",""2"":""800"",""3"":""800"",""4"":""Yes"",""5"":""No"",""6"":""4500"",""7"":""8"",""8"":""Poor"",""9"":""Average"",""10"":""Yes"",""11"":""Yes"",""12"":""Average"",""13"":""Average"",""14"":""Yes"",""15"":""Average"",""16"":""Average"",""17"":""Maybe"",""18"":""No"",""19"":""No"",""20"":""Yes"",""21"":""Not available"",""22"":""No"",""23"":""No"",""24"":""26"",""25"":""90"",""26"":""31200""}","27-12-2017"
"63","601","Vinayka 1 & 2","Khandwa Road","Khandwa Road","64.75","{""1"":""600"",""2"":""800"",""3"":""1000"",""4"":""Yes"",""5"":""No"",""6"":""800"",""7"":""0"",""8"":""Average"",""9"":""Average"",""10"":""Yes"",""11"":""Yes"",""12"":""Average"",""13"":""Good"",""14"":""Yes"",""15"":""Good"",""16"":""Good"",""17"":""Yes"",""18"":""Yes"",""19"":""No"",""20"":""Yes"",""21"":""24 hours available"",""22"":""Yes"",""23"":""No"",""24"":""55"",""25"":""0"",""26"":""60500""}","27-12-2017"
"64","601","Barjindar Chhabra","Khandwa Road","Khandwa Road","78","{""1"":""700"",""2"":""1200"",""3"":""1500"",""4"":""Yes"",""5"":""Yes"",""6"":""1000"",""7"":""5"",""8"":""Average"",""9"":""Good"",""10"":""Yes"",""11"":""Yes"",""12"":""Good"",""13"":""Good"",""14"":""Yes"",""15"":""Good"",""16"":""Good"",""17"":""Yes"",""18"":""Yes"",""19"":""No"",""20"":""Yes"",""21"":""24 hours available"",""22"":""Yes"",""23"":""No"",""24"":""350"",""25"":""0"",""26"":""350000""}","27-12-2017"
"65","60","Wave PG","DU North Campus","Vijay Nagar","61","{""1"":""800"",""2"":""800"",""3"":""800"",""4"":""Yes"",""5"":""Yes"",""6"":""4500"",""7"":""4"",""8"":""Good"",""9"":""Good"",""10"":""Yes"",""11"":""Yes"",""12"":""Good"",""13"":""Good"",""14"":""Yes"",""15"":""Good"",""16"":""Good"",""17"":""Maybe"",""18"":""No"",""19"":""No"",""20"":""Yes"",""21"":""Not available"",""22"":""Yes"",""23"":""Yes"",""24"":""24"",""25"":""90"",""26"":""33600""}","27-12-2017"
"66","60","Vidya Niwas 1","DU North Campus","Vijay Nagar","67.5","{""1"":""50"",""2"":""600"",""3"":""800"",""4"":""No"",""5"":""Yes"",""6"":""4500"",""7"":""9"",""8"":""Average"",""9"":""Average"",""10"":""Yes"",""11"":""No"",""12"":""Good"",""13"":""Average"",""14"":""Yes"",""15"":""Average"",""16"":""Good"",""17"":""Yes"",""18"":""Yes"",""19"":""No"",""20"":""Yes"",""21"":""24 hours available"",""22"":""Yes"",""23"":""Yes"",""24"":""32"",""25"":""90"",""26"":""38400""}","27-12-2017"
"67","60","Vidya Niwas 2","DU North Campus","Malkaganj","67","{""1"":""150"",""2"":""700"",""3"":""700"",""4"":""No"",""5"":""Yes"",""6"":""4500"",""7"":""10"",""8"":""Good"",""9"":""Good"",""10"":""Yes"",""11"":""No"",""12"":""Good"",""13"":""Average"",""14"":""Yes"",""15"":""Good"",""16"":""Good"",""17"":""Yes"",""18"":""Yes"",""19"":""No"",""20"":""Yes"",""21"":""24 hours available"",""22"":""Yes"",""23"":""Yes"",""24"":""24"",""25"":""90"",""26"":""28800""}","27-12-2017"
"68","60","Vidya Niwas 3","DU North Campus","Vijay Nagar","62","{""1"":""150"",""2"":""800"",""3"":""800"",""4"":""No"",""5"":""No"",""6"":""4500"",""7"":""4"",""8"":""Average"",""9"":""Good"",""10"":""Yes"",""11"":""Yes"",""12"":""Good"",""13"":""Good"",""14"":""Yes"",""15"":""Good"",""16"":""Good"",""17"":""Yes"",""18"":""Yes"",""19"":""No"",""20"":""Yes"",""21"":""Not available"",""22"":""Yes"",""23"":""No"",""24"":""17"",""25"":""90"",""26"":""20400""}","27-12-2017"
"69","60","Sahni PG","DU North Campus","Mall road","80","{""1"":""500"",""2"":""50"",""3"":""50"",""4"":""Yes"",""5"":""No"",""6"":""600"",""7"":""12"",""8"":""Average"",""9"":""Good"",""10"":""Yes"",""11"":""Yes"",""12"":""Good"",""13"":""Average"",""14"":""Yes"",""15"":""Average"",""16"":""Good"",""17"":""Yes"",""18"":""Yes"",""19"":""No"",""20"":""Yes"",""21"":""24 hours available"",""22"":""Yes"",""23"":""Yes"",""24"":""137"",""25"":""95"",""26"":""171250""}","27-12-2017"
"70","60","Rana PG","DU North Campus","Vijay Nagar","57","{""1"":""200"",""2"":""600"",""3"":""800"",""4"":""No"",""5"":""No"",""6"":""4500"",""7"":""5"",""8"":""Good"",""9"":""Good"",""10"":""Yes"",""11"":""Yes"",""12"":""Good"",""13"":""Good"",""14"":""Yes"",""15"":""Good"",""16"":""Good"",""17"":""Maybe"",""18"":""No"",""19"":""No"",""20"":""Yes"",""21"":""Not available"",""22"":""Yes"",""23"":""Yes"",""24"":""36"",""25"":""80"",""26"":""43200""}","27-12-2017"
"71","60","Krishna PG","DU North Campus","Vijay Nagar","51","{""1"":""150"",""2"":""250"",""3"":""250"",""4"":""Yes"",""5"":""Yes"",""6"":""6000"",""7"":""5"",""8"":""Poor"",""9"":""Average"",""10"":""Yes"",""11"":""Yes"",""12"":""Good"",""13"":""Average"",""14"":""Yes"",""15"":""Average"",""16"":""Good"",""17"":""Maybe"",""18"":""No"",""19"":""No"",""20"":""Yes"",""21"":""Not available"",""22"":""No"",""23"":""No"",""24"":""21"",""25"":""80"",""26"":""16800""}","27-12-2017"
"72","60","Kamaroopa PG","DU North Campus","Shakti Nagar","74.5","{""1"":""5"",""2"":""10"",""3"":""700"",""4"":""Yes"",""5"":""No"",""6"":""800"",""7"":""8"",""8"":""Good"",""9"":""Good"",""10"":""Yes"",""11"":""Yes"",""12"":""Good"",""13"":""Good"",""14"":""Yes"",""15"":""Good"",""16"":""Good"",""17"":""Maybe"",""18"":""Yes"",""19"":""No"",""20"":""Yes"",""21"":""Not available"",""22"":""Yes"",""23"":""Yes"",""24"":""100"",""25"":""90"",""26"":""130000""}","28-12-2017"
"73","60","Royal Girls PG 1","DU North Campus","Vijay Nagar","79.75","{""1"":""150"",""2"":""800"",""3"":""800"",""4"":""Yes"",""5"":""Yes"",""6"":""6000"",""7"":""8"",""8"":""Good"",""9"":""Good"",""10"":""Yes"",""11"":""Yes"",""12"":""Good"",""13"":""Good"",""14"":""Yes"",""15"":""Good"",""16"":""Good"",""17"":""Maybe"",""18"":""Yes"",""19"":""No"",""20"":""Yes"",""21"":""24 hours available"",""22"":""Yes"",""23"":""Yes"",""24"":""70"",""25"":""90"",""26"":""840000""}","28-12-2017"
"74","60","Royal Girls PG 2","DU North Campus","Vijay Nagar","71.25","{""1"":""150"",""2"":""200"",""3"":""800"",""4"":""Yes"",""5"":""No"",""6"":""6000"",""7"":""9"",""8"":""Good"",""9"":""Good"",""10"":""Yes"",""11"":""Yes"",""12"":""Good"",""13"":""Good"",""14"":""Yes"",""15"":""Good"",""16"":""Good"",""17"":""Maybe"",""18"":""Yes"",""19"":""No"",""20"":""Yes"",""21"":""24 hours available"",""22"":""Yes"",""23"":""Yes"",""24"":""65"",""25"":""90"",""26"":""78000""}","28-12-2017"
"75","60","Nivedita Sadan","DU North Campus","Kamla Nagar","70","{""1"":""10"",""2"":""50"",""3"":""400"",""4"":""Yes"",""5"":""No"",""6"":""8000"",""7"":""9"",""8"":""Good"",""9"":""Good"",""10"":""Yes"",""11"":""Yes"",""12"":""Good"",""13"":""Good"",""14"":""Yes"",""15"":""Average"",""16"":""Good"",""17"":""Maybe"",""18"":""Yes"",""19"":""No"",""20"":""Yes"",""21"":""24 hours available"",""22"":""Yes"",""23"":""Yes"",""24"":""60"",""25"":""90"",""26"":""72000""}","28-12-2017"
"76","60","Nivedita Kunj","DU North Campus","Kamla Nagar","64.75","{""1"":""10"",""2"":""50"",""3"":""400"",""4"":""Yes"",""5"":""No"",""6"":""8000"",""7"":""9"",""8"":""Average"",""9"":""Average"",""10"":""Yes"",""11"":""Yes"",""12"":""Good"",""13"":""Average"",""14"":""Yes"",""15"":""Average"",""16"":""Good"",""17"":""Maybe"",""18"":""Yes"",""19"":""No"",""20"":""Yes"",""21"":""24 hours available"",""22"":""Yes"",""23"":""Yes"",""24"":""40"",""25"":""90"",""26"":""48000""}","28-12-2017"
"77","60","Priyanka PG","DU North Campus","Roop Nagar","60.5","{""1"":""25"",""2"":""150"",""3"":""600"",""4"":""Yes"",""5"":""Select Option"",""6"":""800"",""7"":""8"",""8"":""Average"",""9"":""Good"",""10"":""Yes"",""11"":""Yes"",""12"":""Good"",""13"":""Good"",""14"":""Yes"",""15"":""Good"",""16"":""Good"",""17"":""Maybe"",""18"":""No"",""19"":""No"",""20"":""Yes"",""21"":""Not available"",""22"":""Yes"",""23"":""Yes"",""24"":""36"",""25"":""90"",""26"":""43200""}","28-12-2017"
"78","60","Sai Kunj PG","DU North Campus","Roop Nagar","60","{""1"":""150"",""2"":""150"",""3"":""700"",""4"":""Yes"",""5"":""Yes"",""6"":""800"",""7"":""9"",""8"":""Average"",""9"":""Good"",""10"":""Yes"",""11"":""Yes"",""12"":""Good"",""13"":""Good"",""14"":""Yes"",""15"":""Average"",""16"":""Good"",""17"":""Maybe"",""18"":""No"",""19"":""No"",""20"":""Yes"",""21"":""24 hours available"",""22"":""Yes"",""23"":""Yes"",""24"":""24"",""25"":""90"",""26"":""26400""}","28-12-2017"
"79","60","North Campus PG","DU North Campus","Vijay Nagar","77.25","{""1"":""20"",""2"":""250"",""3"":""700"",""4"":""Yes"",""5"":""Yes"",""6"":""6000"",""7"":""9"",""8"":""Poor"",""9"":""Good"",""10"":""Yes"",""11"":""Yes"",""12"":""Good"",""13"":""Good"",""14"":""Yes"",""15"":""Good"",""16"":""Good"",""17"":""Yes"",""18"":""Yes"",""19"":""No"",""20"":""Yes"",""21"":""24 hours available"",""22"":""Yes"",""23"":""Yes"",""24"":""40"",""25"":""90"",""26"":""64000""}","28-12-2017"
"80","60","Mehta PG","DU North Campus","Vijay Nagar","65.25","{""1"":""10"",""2"":""150"",""3"":""600"",""4"":""Yes"",""5"":""Yes"",""6"":""6000"",""7"":""9"",""8"":""Average"",""9"":""Good"",""10"":""Yes"",""11"":""Yes"",""12"":""Good"",""13"":""Good"",""14"":""Yes"",""15"":""Good"",""16"":""Good"",""17"":""Maybe"",""18"":""No"",""19"":""No"",""20"":""Yes"",""21"":""Not available"",""22"":""Yes"",""23"":""Yes"",""24"":""32"",""25"":""90"",""26"":""32000""}","28-12-2017"
"81","60","Orchid","DU North Campus","Vijay Nagar","77.25","{""1"":""50"",""2"":""400"",""3"":""800"",""4"":""Yes"",""5"":""No"",""6"":""6000"",""7"":""4"",""8"":""Good"",""9"":""Good"",""10"":""Yes"",""11"":""Yes"",""12"":""Good"",""13"":""Good"",""14"":""Yes"",""15"":""Good"",""16"":""Good"",""17"":""Yes"",""18"":""Yes"",""19"":""No"",""20"":""Yes"",""21"":""Not available"",""22"":""Yes"",""23"":""Yes"",""24"":""40"",""25"":""90"",""26"":""56000""}","28-12-2017"
"82","60","Renuka PG 2","DU North Campus","Vijay Nagar","68.25","{""1"":""50"",""2"":""250"",""3"":""700"",""4"":""Yes"",""5"":""Yes"",""6"":""6000"",""7"":""5"",""8"":""Poor"",""9"":""Good"",""10"":""Yes"",""11"":""Yes"",""12"":""Good"",""13"":""Good"",""14"":""Yes"",""15"":""Good"",""16"":""Good"",""17"":""Yes"",""18"":""Yes"",""19"":""No"",""20"":""Yes"",""21"":""Not available"",""22"":""No"",""23"":""No"",""24"":""10"",""25"":""90"",""26"":""20000""}","28-12-2017"
"83","60","Renuka PG 3","DU North Campus","Hudson Lane","65","{""1"":""100"",""2"":""250"",""3"":""600"",""4"":""Yes"",""5"":""No"",""6"":""4500"",""7"":""8"",""8"":""Poor"",""9"":""Good"",""10"":""Yes"",""11"":""Yes"",""12"":""Good"",""13"":""Good"",""14"":""Yes"",""15"":""Good"",""16"":""Good"",""17"":""Yes"",""18"":""Yes"",""19"":""No"",""20"":""Yes"",""21"":""Not available"",""22"":""Yes"",""23"":""No"",""24"":""18"",""25"":""90"",""26"":""21600""}","28-12-2017"
"84","60","Aawas PG","DU North Campus","Mall Road","58.75","{""1"":""150"",""2"":""300"",""3"":""300"",""4"":""Yes"",""5"":""No"",""6"":""1500"",""7"":""10"",""8"":""Good"",""9"":""Good"",""10"":""Yes"",""11"":""Yes"",""12"":""Good"",""13"":""Good"",""14"":""Yes"",""15"":""Good"",""16"":""Good"",""17"":""Maybe"",""18"":""No"",""19"":""No"",""20"":""Yes"",""21"":""Not available"",""22"":""Yes"",""23"":""Yes"",""24"":""34"",""25"":""85"",""26"":""47600""}","28-12-2017"
"85","60","Raizada Niwas","DU North Campus","Mall road","73.25","{""1"":""150"",""2"":""300"",""3"":""350"",""4"":""Yes"",""5"":""No"",""6"":""1500"",""7"":""8"",""8"":""Good"",""9"":""Good"",""10"":""Yes"",""11"":""Yes"",""12"":""Good"",""13"":""Good"",""14"":""Yes"",""15"":""Average"",""16"":""Good"",""17"":""Maybe"",""18"":""Yes"",""19"":""No"",""20"":""Yes"",""21"":""24 hours available"",""22"":""Yes"",""23"":""Yes"",""24"":""110"",""25"":""80"",""26"":""143000""}","28-12-2017"
"86","60","Aranya Girls PG","DU North Campus","Mall road","73.25","{""1"":""150"",""2"":""300"",""3"":""350"",""4"":""Yes"",""5"":""No"",""6"":""1500"",""7"":""8"",""8"":""Good"",""9"":""Good"",""10"":""Yes"",""11"":""Yes"",""12"":""Good"",""13"":""Good"",""14"":""Yes"",""15"":""Average"",""16"":""Good"",""17"":""Maybe"",""18"":""Yes"",""19"":""No"",""20"":""Yes"",""21"":""24 hours available"",""22"":""Yes"",""23"":""Yes"",""24"":""125"",""25"":""85"",""26"":""175000""}","28-12-2017"
"87","60","Kaushalya Niwas 2","DU North Campus","Vijay Nagar","69.25","{""1"":""5"",""2"":""400"",""3"":""700"",""4"":""Yes"",""5"":""No"",""6"":""6000"",""7"":""6"",""8"":""Good"",""9"":""Good"",""10"":""Yes"",""11"":""Yes"",""12"":""Good"",""13"":""Good"",""14"":""Yes"",""15"":""Good"",""16"":""Good"",""17"":""Yes"",""18"":""Yes"",""19"":""No"",""20"":""Yes"",""21"":""Not available"",""22"":""No"",""23"":""No"",""24"":""8"",""25"":""100"",""26"":""10400""}","28-12-2017"
"88","60","Kaushalya Niwas 3","DU North Campus","Vijay Nagar","69.25","{""1"":""100"",""2"":""400"",""3"":""800"",""4"":""Yes"",""5"":""No"",""6"":""6000"",""7"":""8"",""8"":""Average"",""9"":""Good"",""10"":""Yes"",""11"":""Yes"",""12"":""Good"",""13"":""Good"",""14"":""Yes"",""15"":""Good"",""16"":""Good"",""17"":""Yes"",""18"":""Yes"",""19"":""No"",""20"":""Yes"",""21"":""Not available"",""22"":""Yes"",""23"":""Yes"",""24"":""18"",""25"":""100"",""26"":""23400""}","28-12-2017"
"89","1","Alpha 1","North","Shakti nagar","77.75","{""1"":""1000"",""2"":""1000"",""3"":""1000"",""4"":""Yes"",""5"":""No"",""6"":""5000"",""7"":""10"",""8"":""Average"",""9"":""Poor"",""10"":""Yes"",""11"":""No"",""12"":""Average"",""13"":""Good"",""14"":""Yes"",""15"":""Good"",""16"":""Average"",""17"":""Yes"",""18"":""Yes"",""19"":""Yes"",""20"":""No"",""21"":""12 hours available"",""22"":""Yes"",""23"":""No"",""24"":""100"",""25"":""70"",""26"":""1000000""}","29-12-2017"
"90","643","J P house","delhi","laxminagar","70.25","{""1"":""50"",""2"":""50"",""3"":""100"",""4"":""Yes"",""5"":""No"",""6"":""80000"",""7"":""5"",""8"":""Average"",""9"":""Poor"",""10"":""Yes"",""11"":""No"",""12"":""Average"",""13"":""Good"",""14"":""Yes"",""15"":""Good"",""16"":""Good"",""17"":""Yes"",""18"":""No"",""19"":""No"",""20"":""Yes"",""21"":""Not available"",""22"":""No"",""23"":""Yes"",""24"":""74"",""25"":""68%"",""26"":""74000""}","04-01-2018"
"91","601","Mahendrapal singh","Khandwa Road","Khandwa Road","68.5","{""1"":""700"",""2"":""800"",""3"":""1000"",""4"":""Yes"",""5"":""No"",""6"":""5000"",""7"":""0"",""8"":""Good"",""9"":""Good"",""10"":""Yes"",""11"":""Yes"",""12"":""Good"",""13"":""Good"",""14"":""Yes"",""15"":""Good"",""16"":""Good"",""17"":""Yes"",""18"":""Select Option"",""19"":""No"",""20"":""Yes"",""21"":""24 hours available"",""22"":""Yes"",""23"":""No"",""24"":""53"",""25"":""0"",""26"":""63000""}","08-01-2018"
"92","601","Bunty chhabra","Khandwa Road","Khandwa Road","67.25","{""1"":""700"",""2"":""800"",""3"":""1000"",""4"":""Yes"",""5"":""No"",""6"":""5000"",""7"":""0"",""8"":""Average"",""9"":""Average"",""10"":""Yes"",""11"":""Yes"",""12"":""Good"",""13"":""Good"",""14"":""Yes"",""15"":""Good"",""16"":""Average"",""17"":""Yes"",""18"":""Yes"",""19"":""No"",""20"":""Yes"",""21"":""24 hours available"",""22"":""Yes"",""23"":""No"",""24"":""42"",""25"":""0"",""26"":""51000""}","08-01-2018"
"93","601","Matagujari Girls Hostel","Bhawanrkua","Bhawanrkua","","{""1"":""500"",""2"":""500"",""3"":""800"",""4"":""Yes"",""5"":""Yes"",""6"":""20000"",""7"":""8"",""8"":""Average"",""9"":""Average"",""10"":""Yes"",""11"":""Yes"",""12"":""Good"",""13"":""Average"",""14"":""Yes"",""15"":""Average"",""16"":""Good"",""17"":""Yes"",""18"":""Yes"",""19"":""Yes"",""20"":""Yes"",""21"":""24 hours available"",""22"":""Yes"",""23"":""Yes"",""24"":""70"",""25"":""40"",""26"":""70000""}","08-01-2018"
"94","643","kusum niwas","delhi","laxminaga","","{""1"":""0"",""2"":""50"",""3"":""50"",""4"":""Yes"",""5"":""No"",""6"":""40"",""7"":""4"",""8"":""Good"",""9"":""Average"",""10"":""Yes"",""11"":""No"",""12"":""Average"",""13"":""Average"",""14"":""Yes"",""15"":""Average"",""16"":""Good"",""17"":""Yes"",""18"":""No"",""19"":""No"",""20"":""Yes"",""21"":""12 hours available"",""22"":""No"",""23"":""Yes"",""24"":""40"",""25"":""50"",""26"":""40000""}","09-01-2018"
"95","1","19th Avenue","DU North Campus","Kamla Nagar","76.75","{""1"":""150"",""2"":""400"",""3"":""400"",""4"":""Yes"",""5"":""Yes"",""6"":""8000"",""7"":""1"",""8"":""Good"",""9"":""Good"",""10"":""Yes"",""11"":""Yes"",""12"":""Good"",""13"":""Good"",""14"":""Yes"",""15"":""Good"",""16"":""Good"",""17"":""Maybe"",""18"":""Yes"",""19"":""Yes"",""20"":""Yes"",""21"":""Not available"",""22"":""Yes"",""23"":""Yes"",""24"":""70"",""25"":""49"",""26"":""105000""}","09-01-2018"
"96","60","Scholar's Girls PG","DU North Campus","New Chandrawal","","{""1"":""200"",""2"":""400"",""3"":""400"",""4"":""Yes"",""5"":""No"",""6"":""3000"",""7"":""5"",""8"":""Good"",""9"":""Good"",""10"":""Yes"",""11"":""No"",""12"":""Good"",""13"":""Good"",""14"":""Yes"",""15"":""Good"",""16"":""Good"",""17"":""Select Option"",""18"":""No"",""19"":""No"",""20"":""Yes"",""21"":""24 hours available"",""22"":""Yes"",""23"":""Yes"",""24"":""55"",""25"":""90"",""26"":""660000""}","09-01-2018"
"97","60","The Aura","DU North Campus","Kamla Nagar","","{""1"":""80"",""2"":""800"",""3"":""800"",""4"":""Yes"",""5"":""No"",""6"":""8000"",""7"":""5"",""8"":""Good"",""9"":""Good"",""10"":""Yes"",""11"":""Yes"",""12"":""Good"",""13"":""Good"",""14"":""Yes"",""15"":""Good"",""16"":""Good"",""17"":""Maybe"",""18"":""Yes"",""19"":""Yes"",""20"":""Yes"",""21"":""24 hours available"",""22"":""Yes"",""23"":""Yes"",""24"":""52"",""25"":""96"",""26"":""95000""}","09-01-2018"
"98","60","Garvita Niwas","DU North Campus","Kamla Nagar","","{""1"":""150"",""2"":""400"",""3"":""400"",""4"":""Yes"",""5"":""Yes"",""6"":""8000"",""7"":""5"",""8"":""Average"",""9"":""Good"",""10"":""Yes"",""11"":""Yes"",""12"":""Good"",""13"":""Good"",""14"":""Yes"",""15"":""Good"",""16"":""Good"",""17"":""Maybe"",""18"":""Yes"",""19"":""No"",""20"":""Yes"",""21"":""Not available"",""22"":""Yes"",""23"":""Yes"",""24"":""300"",""25"":""90"",""26"":""360000""}","09-01-2018"
"99","60","Vidya Niwas","DU North Campus","Kamla Nagar","","{""1"":""200"",""2"":""450"",""3"":""450"",""4"":""Yes"",""5"":""Yes"",""6"":""8000"",""7"":""5"",""8"":""Good"",""9"":""Good"",""10"":""Yes"",""11"":""Yes"",""12"":""Good"",""13"":""Good"",""14"":""Yes"",""15"":""Good"",""16"":""Good"",""17"":""Yes"",""18"":""No"",""19"":""No"",""20"":""Yes"",""21"":""24 hours available"",""22"":""Yes"",""23"":""Yes"",""24"":""18"",""25"":""90"",""26"":""28800""}","09-01-2018"
"100","60","Kiara's","DU North Campus","Kamla Nagar","","{""1"":""5"",""2"":""300"",""3"":""600"",""4"":""Yes"",""5"":""Yes"",""6"":""8000"",""7"":""5"",""8"":""Poor"",""9"":""Good"",""10"":""Yes"",""11"":""Yes"",""12"":""Good"",""13"":""Good"",""14"":""Yes"",""15"":""Good"",""16"":""Good"",""17"":""Yes"",""18"":""Yes"",""19"":""No"",""20"":""Yes"",""21"":""Not available"",""22"":""Yes"",""23"":""Yes"",""24"":""44"",""25"":""96"",""26"":""70400""}","09-01-2018"
"101","60","Nirmal Residency","DU North Campus","Kamla Nagar","79.25","{""1"":""20"",""2"":""150"",""3"":""150"",""4"":""Yes"",""5"":""No"",""6"":""8000"",""7"":""10"",""8"":""Good"",""9"":""Good"",""10"":""Yes"",""11"":""Yes"",""12"":""Good"",""13"":""Good"",""14"":""Yes"",""15"":""Good"",""16"":""Good"",""17"":""Yes"",""18"":""Yes"",""19"":""No"",""20"":""Yes"",""21"":""Not available"",""22"":""Yes"",""23"":""Yes"",""24"":""44"",""25"":""90"",""26"":""66000""}","09-01-2018"
"102","60","Saraswati Sadan","DU North Campus","Kamla Nagar","","{""1"":""200"",""2"":""400"",""3"":""400"",""4"":""Yes"",""5"":""Yes"",""6"":""8000"",""7"":""12"",""8"":""Good"",""9"":""Good"",""10"":""Yes"",""11"":""Yes"",""12"":""Good"",""13"":""Average"",""14"":""Yes"",""15"":""Average"",""16"":""Good"",""17"":""Maybe"",""18"":""Yes"",""19"":""No"",""20"":""Yes"",""21"":""24 hours available"",""22"":""Yes"",""23"":""Yes"",""24"":""70"",""25"":""90"",""26"":""91000""}","09-01-2018"
"103","60","Sai Dhaam","DU North Campus","Kamla Nagar","","{""1"":""300"",""2"":""400"",""3"":""400"",""4"":""Yes"",""5"":""No"",""6"":""8000"",""7"":""7"",""8"":""Good"",""9"":""Good"",""10"":""Yes"",""11"":""Yes"",""12"":""Good"",""13"":""Good"",""14"":""Yes"",""15"":""Good"",""16"":""Good"",""17"":""Yes"",""18"":""Yes"",""19"":""No"",""20"":""Yes"",""21"":""24 hours available"",""22"":""Yes"",""23"":""Yes"",""24"":""80"",""25"":""90"",""26"":""104000""}","09-01-2018"
"104","60","Nikunj PG","DU North Campus","Kamla Nagar","67.25","{""1"":""350"",""2"":""500"",""3"":""500"",""4"":""Yes"",""5"":""No"",""6"":""8000"",""7"":""8"",""8"":""Average"",""9"":""Good"",""10"":""Yes"",""11"":""Yes"",""12"":""Good"",""13"":""Average"",""14"":""Yes"",""15"":""Good"",""16"":""Good"",""17"":""Maybe"",""18"":""Yes"",""19"":""No"",""20"":""Yes"",""21"":""Not available"",""22"":""Yes"",""23"":""Yes"",""24"":""70"",""25"":""90"",""26"":""77000""}","09-01-2018"
"105","60","Manmeet PG","DU North Campus","Kamla Nagar","60.75","{""1"":""150"",""2"":""800"",""3"":""600"",""4"":""Yes"",""5"":""Yes"",""6"":""8000"",""7"":""10"",""8"":""Average"",""9"":""Good"",""10"":""Yes"",""11"":""No"",""12"":""Good"",""13"":""Average"",""14"":""Yes"",""15"":""Average"",""16"":""Good"",""17"":""Maybe"",""18"":""Yes"",""19"":""No"",""20"":""Yes"",""21"":""24 hours available"",""22"":""Yes"",""23"":""Yes"",""24"":""48"",""25"":""84"",""26"":""60000""}","09-01-2018"
"106","60","UCH Girls Hostel","DU North Campus","Kamla Nagar","","{""1"":""300"",""2"":""400"",""3"":""400"",""4"":""Yes"",""5"":""Yes"",""6"":""8000"",""7"":""8"",""8"":""Good"",""9"":""Good"",""10"":""Yes"",""11"":""Yes"",""12"":""Good"",""13"":""Good"",""14"":""Yes"",""15"":""Good"",""16"":""Good"",""17"":""Maybe"",""18"":""Yes"",""19"":""No"",""20"":""Yes"",""21"":""Not available"",""22"":""Yes"",""23"":""Yes"",""24"":""44"",""25"":""96"",""26"":""70400""}","09-01-2018"
"107","60","HMS House","DU North Campus","Kamla Nagar","","{""1"":""10"",""2"":""600"",""3"":""600"",""4"":""Yes"",""5"":""No"",""6"":""8000"",""7"":""1"",""8"":""Good"",""9"":""Good"",""10"":""Yes"",""11"":""Yes"",""12"":""Good"",""13"":""Good"",""14"":""Yes"",""15"":""Good"",""16"":""Good"",""17"":""Yes"",""18"":""Yes"",""19"":""Yes"",""20"":""Yes"",""21"":""24 hours available"",""22"":""Yes"",""23"":""Yes"",""24"":""50"",""25"":""90"",""26"":""100000""}","09-01-2018"
"108","60","Fresher House","DU North Campus","Kamla Nagar","","{""1"":""400"",""2"":""600"",""3"":""600"",""4"":""Yes"",""5"":""No"",""6"":""8000"",""7"":""10"",""8"":""Good"",""9"":""Good"",""10"":""Yes"",""11"":""Yes"",""12"":""Good"",""13"":""Good"",""14"":""Yes"",""15"":""Good"",""16"":""Good"",""17"":""Yes"",""18"":""Yes"",""19"":""No"",""20"":""Yes"",""21"":""24 hours available"",""22"":""Yes"",""23"":""Yes"",""24"":""30"",""25"":""90"",""26"":""39000""}","09-01-2018"
"109","643","Unique house","delhi","laxminagar","72.75","{""1"":""0"",""2"":""20"",""3"":""50"",""4"":""Yes"",""5"":""No"",""6"":""80000"",""7"":""1"",""8"":""Good"",""9"":""Good"",""10"":""Yes"",""11"":""No"",""12"":""Good"",""13"":""Good"",""14"":""Yes"",""15"":""Good"",""16"":""Good"",""17"":""Maybe"",""18"":""Yes"",""19"":""No"",""20"":""Yes"",""21"":""24 hours available"",""22"":""Yes"",""23"":""Yes"",""24"":""98"",""25"":""30%"",""26"":""100000""}","11-01-2018"
"110","643","angel town","delhi3","laxminagar","63.5","{""1"":""0"",""2"":""10"",""3"":""50"",""4"":""Yes"",""5"":""No"",""6"":""80000"",""7"":""0"",""8"":""Good"",""9"":""Good"",""10"":""Yes"",""11"":""No"",""12"":""Select Option"",""13"":""Good"",""14"":""Yes"",""15"":""Good"",""16"":""Good"",""17"":""Maybe"",""18"":""Yes"",""19"":""No"",""20"":""Yes"",""21"":""Not available"",""22"":""No"",""23"":""Yes"",""24"":""60"",""25"":""0"",""26"":""72000""}","11-01-2018"
"111","601","Baljeet Sawhney","Khandwa Road","Khandwa Road","76.75","{""1"":""200"",""2"":""200"",""3"":""500"",""4"":""Yes"",""5"":""No"",""6"":""3000"",""7"":""0"",""8"":""Good"",""9"":""Good"",""10"":""Yes"",""11"":""Yes"",""12"":""Average"",""13"":""Average"",""14"":""Yes"",""15"":""Average"",""16"":""Good"",""17"":""Yes"",""18"":""Yes"",""19"":""Yes"",""20"":""Yes"",""21"":""24 hours available"",""22"":""Yes"",""23"":""Yes"",""24"":""112"",""25"":""00"",""26"":""100000""}","08-02-2018"
"112","601","Baljeet Sawhney","Bhanwarkua square","bhanwarkua","","{""1"":""100"",""2"":""100"",""3"":""200"",""4"":""Yes"",""5"":""Yes"",""6"":""30000"",""7"":""00"",""8"":""Average"",""9"":""Good"",""10"":""Yes"",""11"":""Yes"",""12"":""Good"",""13"":""Average"",""14"":""Yes"",""15"":""Average"",""16"":""Good"",""17"":""Yes"",""18"":""Yes"",""19"":""Yes"",""20"":""Yes"",""21"":""24 hours available"",""22"":""Yes"",""23"":""No"",""24"":""100"",""25"":""00"",""26"":""100000""}","08-02-2018"
"113","601","Shyam Khatri","Bhanwarkua square","bhanwarkua","","{""1"":""500"",""2"":""500"",""3"":""800"",""4"":""Yes"",""5"":""Yes"",""6"":""30000"",""7"":""0"",""8"":""Average"",""9"":""Good"",""10"":""Yes"",""11"":""Yes"",""12"":""Good"",""13"":""Average"",""14"":""Yes"",""15"":""Average"",""16"":""Good"",""17"":""Yes"",""18"":""Yes"",""19"":""Yes"",""20"":""Yes"",""21"":""24 hours available"",""22"":""Yes"",""23"":""No"",""24"":""140"",""25"":""00"",""26"":""125000""}","08-02-2018"
"114","601","Shyam Batra-1","Bhanwarkua square","bhanwarkua","69.25","{""1"":""150"",""2"":""200"",""3"":""200"",""4"":""Yes"",""5"":""No"",""6"":""30000"",""7"":""2"",""8"":""Average"",""9"":""Average"",""10"":""Yes"",""11"":""Yes"",""12"":""Average"",""13"":""Average"",""14"":""Yes"",""15"":""Average"",""16"":""Good"",""17"":""Yes"",""18"":""Yes"",""19"":""Yes"",""20"":""Yes"",""21"":""24 hours available"",""22"":""Yes"",""23"":""No"",""24"":""44"",""25"":""40"",""26"":""40000""}","08-02-2018"
"115","601","Shyam Batra-2","Bhanwarkua square","bhanwarkua","","{""1"":""1000"",""2"":""500"",""3"":""1000"",""4"":""Yes"",""5"":""No"",""6"":""30000"",""7"":""00"",""8"":""Good"",""9"":""Good"",""10"":""Yes"",""11"":""Yes"",""12"":""Good"",""13"":""Good"",""14"":""Yes"",""15"":""Good"",""16"":""Good"",""17"":""Yes"",""18"":""Yes"",""19"":""Yes"",""20"":""Yes"",""21"":""24 hours available"",""22"":""Yes"",""23"":""Yes"",""24"":""95"",""25"":""00"",""26"":""100000""}","08-02-2018"
"116","601","Sagar Verma","Vijay Nagar","Vijay Nagar","","{""1"":""800"",""2"":""200"",""3"":""3000"",""4"":""Yes"",""5"":""Yes"",""6"":""3000"",""7"":""0"",""8"":""Average"",""9"":""Average"",""10"":""Yes"",""11"":""Yes"",""12"":""Good"",""13"":""Good"",""14"":""Yes"",""15"":""Average"",""16"":""Good"",""17"":""Yes"",""18"":""Yes"",""19"":""Yes"",""20"":""Yes"",""21"":""24 hours available"",""22"":""Yes"",""23"":""Yes"",""24"":""46"",""25"":""00"",""26"":""90000""}","08-02-2018"
"117","601","Jitendra Tiwari","Vijay Nagar","Vijay Nagar","72.25","{""1"":""500"",""2"":""500"",""3"":""800"",""4"":""Yes"",""5"":""No"",""6"":""20000"",""7"":""0"",""8"":""Good"",""9"":""Good"",""10"":""Yes"",""11"":""Yes"",""12"":""Good"",""13"":""Good"",""14"":""Yes"",""15"":""Good"",""16"":""Good"",""17"":""Yes"",""18"":""Yes"",""19"":""Yes"",""20"":""Yes"",""21"":""24 hours available"",""22"":""Yes"",""23"":""No"",""24"":""36"",""25"":""00"",""26"":""40000""}","08-02-2018"
"118","601","Sharma Girls Hostel","Vijay Nagar","Vijay Nagar","","{""1"":""800"",""2"":""800"",""3"":""1000"",""4"":""Yes"",""5"":""No"",""6"":""20000"",""7"":""2"",""8"":""Poor"",""9"":""Good"",""10"":""Yes"",""11"":""Yes"",""12"":""Good"",""13"":""Good"",""14"":""Yes"",""15"":""Good"",""16"":""Good"",""17"":""Yes"",""18"":""Yes"",""19"":""Yes"",""20"":""Yes"",""21"":""24 hours available"",""22"":""Yes"",""23"":""No"",""24"":""38"",""25"":""20"",""26"":""40000""}","08-02-2018"
"119","601","Jaora Compound","Jaora Compound","Jaora Compound","76.5","{""1"":""500"",""2"":""500"",""3"":""800"",""4"":""Yes"",""5"":""Yes"",""6"":""5000"",""7"":""0"",""8"":""Good"",""9"":""Good"",""10"":""Yes"",""11"":""Yes"",""12"":""Good"",""13"":""Good"",""14"":""Yes"",""15"":""Good"",""16"":""Good"",""17"":""Yes"",""18"":""Yes"",""19"":""Yes"",""20"":""Yes"",""21"":""24 hours available"",""22"":""Yes"",""23"":""Yes"",""24"":""50"",""25"":""00"",""26"":""55000""}","08-02-2018"
"120","601","Ramakant Verma","Bhanwarkua square","bhanwarkua","72.5","{""1"":""800"",""2"":""800"",""3"":""800"",""4"":""Yes"",""5"":""Yes"",""6"":""30000"",""7"":""0"",""8"":""Good"",""9"":""Good"",""10"":""Yes"",""11"":""Yes"",""12"":""Good"",""13"":""Average"",""14"":""Yes"",""15"":""Good"",""16"":""Good"",""17"":""Yes"",""18"":""Yes"",""19"":""Yes"",""20"":""Yes"",""21"":""24 hours available"",""22"":""Yes"",""23"":""No"",""24"":""72"",""25"":""00"",""26"":""72000""}","08-02-2018"
"121","601","Ram Babu","Bhanwarkua square","bhanwarkua","77.25","{""1"":""200"",""2"":""200"",""3"":""200"",""4"":""Yes"",""5"":""No"",""6"":""30000"",""7"":""2"",""8"":""Poor"",""9"":""Average"",""10"":""Yes"",""11"":""No"",""12"":""Good"",""13"":""Good"",""14"":""Yes"",""15"":""Good"",""16"":""Good"",""17"":""Yes"",""18"":""Yes"",""19"":""Yes"",""20"":""Yes"",""21"":""24 hours available"",""22"":""Yes"",""23"":""No"",""24"":""70"",""25"":""100"",""26"":""80000""}","09-02-2018"
"122","601","Yogesh Agrawal","Vijay Nagar","Vijay Nagar","80.25","{""1"":""800"",""2"":""800"",""3"":""1000"",""4"":""Yes"",""5"":""Yes"",""6"":""5000"",""7"":""0"",""8"":""Good"",""9"":""Good"",""10"":""Yes"",""11"":""Yes"",""12"":""Good"",""13"":""Good"",""14"":""Yes"",""15"":""Good"",""16"":""Good"",""17"":""Yes"",""18"":""Yes"",""19"":""Yes"",""20"":""Yes"",""21"":""24 hours available"",""22"":""Yes"",""23"":""Yes"",""24"":""80"",""25"":""00"",""26"":""95000""}","09-02-2018"
"123","601","Vindhyeshari","Vijay Nagar","Vijay Nagar","","{""1"":""800"",""2"":""800"",""3"":""3000"",""4"":""Yes"",""5"":""No"",""6"":""20000"",""7"":""0"",""8"":""Poor"",""9"":""Average"",""10"":""Yes"",""11"":""Yes"",""12"":""Good"",""13"":""Average"",""14"":""Yes"",""15"":""Good"",""16"":""Good"",""17"":""Yes"",""18"":""Yes"",""19"":""Yes"",""20"":""Yes"",""21"":""24 hours available"",""22"":""Yes"",""23"":""No"",""24"":""48"",""25"":""00"",""26"":""60000""}","09-02-2018"
"124","601","Sunil Mendha","Bombay Hospital","Bombay Hospital","73.25","{""1"":""500"",""2"":""500"",""3"":""600"",""4"":""Yes"",""5"":""Yes"",""6"":""5000"",""7"":""0"",""8"":""Good"",""9"":""Good"",""10"":""Yes"",""11"":""Yes"",""12"":""Good"",""13"":""Good"",""14"":""Yes"",""15"":""Good"",""16"":""Good"",""17"":""Yes"",""18"":""Yes"",""19"":""Yes"",""20"":""Yes"",""21"":""24 hours available"",""22"":""Yes"",""23"":""No"",""24"":""42"",""25"":""00"",""26"":""63000""}","22-02-2018"
"125","601","Juber Ahmed","JailRoad/Regal","Chikmanglur Sqare","","{""1"":""500"",""2"":""500"",""3"":""200"",""4"":""Yes"",""5"":""No"",""6"":""3000"",""7"":""0"",""8"":""Good"",""9"":""Good"",""10"":""Yes"",""11"":""Yes"",""12"":""Good"",""13"":""Good"",""14"":""Yes"",""15"":""Good"",""16"":""Good"",""17"":""Yes"",""18"":""Yes"",""19"":""Yes"",""20"":""Yes"",""21"":""24 hours available"",""22"":""Yes"",""23"":""Yes"",""24"":""50"",""25"":""00"",""26"":""60000""}","26-02-2018"
"126","601","Amit Sethiya","Vijay Nagar","Vijay Nagar","72","{""1"":""500"",""2"":""500"",""3"":""500"",""4"":""Yes"",""5"":""Yes"",""6"":""3000"",""7"":""0"",""8"":""Good"",""9"":""Good"",""10"":""Yes"",""11"":""Yes"",""12"":""Good"",""13"":""Good"",""14"":""Yes"",""15"":""Good"",""16"":""Good"",""17"":""Yes"",""18"":""Yes"",""19"":""Yes"",""20"":""Yes"",""21"":""24 hours available"",""22"":""Yes"",""23"":""No"",""24"":""40"",""25"":""00"",""26"":""48000""}","12-03-2018"
"127","601","Naveen Jain","Vijay Nagar","Vijay Nagar","74.25","{""1"":""400"",""2"":""400"",""3"":""1000"",""4"":""Yes"",""5"":""Yes"",""6"":""5000"",""7"":""00"",""8"":""Good"",""9"":""Good"",""10"":""Yes"",""11"":""Yes"",""12"":""Good"",""13"":""Good"",""14"":""Yes"",""15"":""Good"",""16"":""Good"",""17"":""Yes"",""18"":""Yes"",""19"":""Yes"",""20"":""Yes"",""21"":""24 hours available"",""22"":""Yes"",""23"":""No"",""24"":""39"",""25"":""00"",""26"":""45000""}","12-04-2018"
"128","601","Malhar girls Hostel","Vijay Nagar","Vijay Nagar","77","{""1"":""400"",""2"":""400"",""3"":""1000"",""4"":""Yes"",""5"":""Yes"",""6"":""5000"",""7"":""2"",""8"":""Good"",""9"":""Good"",""10"":""Yes"",""11"":""Yes"",""12"":""Good"",""13"":""Good"",""14"":""Yes"",""15"":""Good"",""16"":""Good"",""17"":""Yes"",""18"":""Yes"",""19"":""Yes"",""20"":""Yes"",""21"":""24 hours available"",""22"":""Yes"",""23"":""No"",""24"":""61"",""25"":""40"",""26"":""61000""}","21-04-2018"
"129","601","Rakesh Patil","Vijay Nagar","Vijay Nagar","","{""1"":""400"",""2"":""400"",""3"":""1000"",""4"":""Yes"",""5"":""Yes"",""6"":""5000"",""7"":""00"",""8"":""Good"",""9"":""Good"",""10"":""Yes"",""11"":""Yes"",""12"":""Good"",""13"":""Good"",""14"":""Yes"",""15"":""Good"",""16"":""Good"",""17"":""Yes"",""18"":""Yes"",""19"":""Yes"",""20"":""Yes"",""21"":""24 hours available"",""22"":""Yes"",""23"":""No"",""24"":""68"",""25"":""00"",""26"":""68000""}","21-04-2018"
"130","601","Vipin Wadhwani","Vijay Nagar","Vijay Nagar","","{""1"":""400"",""2"":""400"",""3"":""1000"",""4"":""Yes"",""5"":""Yes"",""6"":""5000"",""7"":""00"",""8"":""Good"",""9"":""Good"",""10"":""Yes"",""11"":""Yes"",""12"":""Good"",""13"":""Good"",""14"":""Yes"",""15"":""Good"",""16"":""Good"",""17"":""Yes"",""18"":""Yes"",""19"":""Yes"",""20"":""Yes"",""21"":""24 hours available"",""22"":""Yes"",""23"":""Yes"",""24"":""42"",""25"":""00"",""26"":""60000""}","21-04-2018"
